organism,srna_name,mrna_name,srna_sequence,mrna_sequence,evidence_type,interaction_context,interaction_type_site,validation_level,reference_doi_or_pmid,notes,label_strength,label,deltaG_predicted,gc_content_srna,gc_content_mrna,seed_length,has_seed,hybrid_length
Escherichia coli,MicF,ompF,AUGCAGGUUCAUCAACACCUUAGGAAACCCUGCUUUGCACUCAUUGGUGAGUUUGGGUUUAACCCAAACUCACCAAUGAGCAA,AGACACATAAAGACACCAAACUCUCAUCA,Toeprinting & Mutational Rescue,"Envelope stress (high osmolarity, oxidative stress)",RBS occlusion (direct base-pairing near start codon),"High (classic, well-mapped)","(Andersen et al., 1989; Mol Microbiol)",Classic porin switch regulator repressing ompF under envelope stress to maintain membrane integrity.,1,1,,,,,,
Escherichia coli,RyhB,sdhC,AUUGACUUUCAAAUGCGAGUCAAAUGCAUUUUUUUGCAAAAAGUGUUGGACAAGUGCGAAUGAGAAUGAUUAUUAUUGUCUCGCGAUCAGGAAGACCCUCGCGGAGAACCUGAAAGCACGACAUUGCUCACAUUGCUUCCAGUAUUACUUAGCCAGCCGGGUGCUGGCUUUUUUUUU,GUUAUCAAAAUCGCCGGCGAGUCAUUAACGCC,Reporter Fusion & Northern Blot,Iron starvation (Fur regulon),RBS occlusion & mRNA degradation,High (biochemical & genetic),"(Masse & Gottesman, 2002; PNAS)",Core iron-sparing response: shuts down Fe-S cluster synthesis (SDH) during iron starvation to prioritize essential pathways.,1,1,,,,,,
Escherichia coli,RyhB,sodB,AUUGACUUUCAAAUGCGAGUCAAAUGCAUUUUUUUGCAAAAAGUGUUGGACAAGUGCGAAUGAGAAUGAUUAUUAUUGUCUCGCGAUCAGGAAGACCCUCGCGGAGAACCUGAAAGCACGACAUUGCUCACAUUGCUUCCAGUAUUACUUAGCCAGCCGGGUGCUGGCUUUUUUUUU,AAAGCACACCUGCUUCCUAUGAAAGUACUUUAAUCUGAUCAG,Western Blot & Toeprinting,Iron starvation (Fur regulon),"Coding region pairing, RNase E-mediated decay",High (direct pairing confirmed),"(Masse et al., 2003; Mol Microbiol)",Iron homeostasis: represses iron-containing superoxide dismutase (SodB) to conserve iron for crucial cellular processes.,1,1,,,,,,
Escherichia coli,OmrA,csgD,GGCGCUUUUGGCAGAAAUUCACACCUUCCUGGUGCAGAUCAUCAGGCCGCUCAACCAGGAUCUCACCAAGGCUGGUGCAGGUGCUGAUCAUCAGCUUUUAA,AUUAAUAAUCCUAAUGAAAAUAACAAAAUGAA,Expression Array & Genetic Interaction,"Envelope stress & biofilm regulation (Cpx, Rcs pathways)",Translation inhibition via 5' UTR pairing,High (validated by CLIP-seq),"(Holmqvist et al., 2010; Nucleic Acids Res)",Biofilm-metabolism switch: represses curli regulator CsgD to inhibit biofilm formation under envelope stress conditions.,1,1,,,,,,
Escherichia coli,GcvB,oppA,UCCCUGCUGCCGGUUUGGUAAAGUGACCACCGACAGCACCCUUACCCUUAUACUCCUGUGGGAGGUACUGCCCGGCUGAUCCUCAGCCAGCUGAUGUUAGCGGUUGCUACUCCCACAGGAAGUAAAGGAGUAGUAAGGUUUGUUUGUUACUGCCAGUGGGAAAGGUCCUGAUGUCAUCAUGUCUAA,UGCAGGGGUGUAAUCUCAAGAAUGGCUUUUGCCUCCGC,Reporter Fusion & RIL-seq,Nutrient response (Ntr regulon),Seed pairing in G/U-rich region of 5' UTR,High (RIL-seq validated),"(Sharma et al., 2007; Mol Microbiol; Melamed et al., 2020; Nature)",Global nutrient regulator: targets multiple ABC transporter mRNAs like oppA via a conserved G/U-rich seed region to modulate peptide uptake.,1,1,,,,,,
Salmonella enterica,MicA,ompA,UAGCGCACUCCCUUCAAGAUUAAAGUACUUUCAUAGGAGGCAGUGAGUGUGUUUU,AUAAAUGAAGUAUACUUCUAAUUCUACUUUUUGCUGCUUUUGUUACCAGUAUU,Primer Extension & Expression Assay,Envelope stress (sigmaE response),RBS occlusion,High (conserved E. coli mechanism),"(Pfeiffer et al., 2007; RNA)",Envelope stress response: post-transcriptionally downregulates outer membrane porin OmpA via ?E activation to survive host defenses.,1,1,,,,,,
Pseudomonas aeruginosa,RsmY,RsmA,GGCUCUUUUGAGGCUUGUUUUCCCAGGCUUUCAUCAUCAGGCUGAUGCCUGGCUGAAGCCAGCAUCCUCCAGAUAGUU,AUGGCUAAGCGCUUCAAGCAAGCCGGCGGAAGC,Gel Shift (Protein Sequestration) Assay,Biofilm-virulence switch (Gac/Rsm system),Protein sequestration (RsmA binding),High (direct protein binding shown),"(Brencic et al., 2009; Genes Dev)",Central virulence switch: sequesters translational repressor RsmA to derepress expression of acute infection factors and suppress biofilm formation.,1,1,,,,,,
Staphylococcus aureus,RNAIII,rot,GGGGCGGAAAACUUCUUGAUUAAGAGAGAAAGAAACUAUGAAUGAUUUUAAAAUAAAUAAAUAUAAUAG,AUGAACGUAUUUUAUAGGAGGUAGUAC,Mutational Assay & Toeprinting,Quorum sensing & virulence regulation (Agr system),Translational repression via extended pairing,High (detailed mutational analysis),"(Boisset et al., 2007; PLoS Pathog)",RBS region of rot,1,1,,,,,,
Escherichia coli,ArcZ,csrA,AGCAGCACUCAACGGCUACAGUCCAGUGAGUAAAACCCUGCUUUGCUCAUGGCGAAGAGUGGGUUU,AAACCCACUCUUU,Mutational Rescue & CLASH,Carbon metabolism & stress response,"Direct base-pairing in 5' UTR, affects CsrA binding site",High (CLASH-confirmed interaction),"(Papenfort et al., 2009; Genes Dev; Melamed et al., 2016; Nature)",Seed region in csrA mRNA,1,1,,,,,,
Escherichia coli,SgrS,ptsG,GGAAACAGUAUUCCUGGUGCGUGCCCGCAACAGCAUCCCCUUUACCAGCUAAGGCAGGGUUUUUUU,GGGAAACAGGAAUACUGUUUCC,Reporter Fusion & Toeprinting,Glucose-phosphate stress (SgrR activation),"RBS occlusion, Hfq-dependent decay",High (biochemically defined),"(Kawamoto et al., 2006; Mol Microbiol)",Target site in ptsG 5' UTR,1,1,,,,,,
Escherichia coli,Spot42,galK,AAUCAGAUAAAGCCAGGAAACACCUGCUUUACUUAAGCUGUUGCCCGACAGC,UGUCGGGCAACAGCUUAA,Expression Change & Genetic Interaction,Carbon catabolite repression (CRP-dependent),Anti-anti-RBS pairing,High (classic model),"(Moller et al., 2002; J Mol Biol)",Anti-anti-RBS region of galK,1,1,,,,,,
Escherichia coli,McaS,flhD,GGCAUUUGCAAAAACUGAUGACAGUACCGCAACAGCAGCCAUUUUUACCAGCUAAGGUAGCGUUUU,AAAACGCTACCTTAG,Expression Assay & CLASH,Motility-biofilm switch (c-di-GMP mediated),Seed pairing in 5' UTR,High (CLASH validated),"(Jorgensen et al., 2012; Nucleic Acids Res)",Seed pairing region,1,1,,,,,,
Escherichia coli,RydC,cfa,UCCCCUGUGCCCGCAUCAACAGCAGCGGGCUUUUUACCAGCUAAGGCAGCUUUUUUU,AAAGCTGCCTTAG,Reporter Assay & In vitro Binding,Membrane fluidity & cold shock,RBS occlusion,Medium-High (in vivo validation),"(Frohlich et al., 2012; RNA)",Seed region in cfa mRNA,0.8,1,,,,,,
Escherichia coli,RprA,rsd,CUGGCGGCUGAAACGCAGCAAAUACCCUUUUACCAGCUAAGGCAGCGUUUUUUU,AAAACGCTGCCTTAG,Mutational Assay & Expression Tracking,Stationary phase & stress response,Direct pairing in 5' UTR,Medium-High (genetic evidence),"(Majdalani et al., 2001; Mol Microbiol)",Seed region in rsd mRNA,0.8,1,,,,,,
Pseudomonas aeruginosa,PhrS,phzA1 (anaerobic regulator target),ACCGCCCCUGAACAGGCCCGCCGCUCCCGCAACAGCCUCCCCUCUACCAGCUAAGGUGUGGUUUU,AAACCACACCTTAG,Metabolic Reporter & Northern Blot,Hypoxia & anaerobic respiration (Anr regulon),Translation activation via anti-antisense mechanism,High (well-characterized),"(Sonnleitner et al., 2011; EMBO J)",Seed region in phzA1 mRNA,1,1,,,,,,
Pseudomonas aeruginosa,RsmZ,rsmA,GCUCUUUCGAGCUUGCUUUCCCAGGCUUUCAUCAUCAGGCUGAUGCCUGGCUGAAGCCAGCAUCCUCCAGAUAGUU,AACUAUCTGAGGAGU,Protein Sequestration Assay (Gel Shift),Biofilm-virulence switch (Gac/Rsm system),Protein sequestration (RsmA binding),High (identical mechanism to RsmY),"(Brencic et al., 2009; Genes Dev)",Seed region for RsmA binding,1,1,,,,,,
Pseudomonas aeruginosa,AsPcrZ,lasI (quorum sensing gene),GGCCGACGUCGGCCGUGCAGCCG,CGGCUGCCACGCCG,Expression Assay & Genetic Deletion,Quorum sensing modulation,Direct repression via 5' UTR pairing,"Medium (genetic evidence, less biochemical)","(Wurtzel et al., 2012; Cell Host & Microbe)",Complementary region in lasI 5' UTR,0.7,0.5,,,,,,
Salmonella enterica,IsrM,hilD (inv/spi regulator),UGAAAUACAGCAUUGCUGCCCGCAACAGCCAGCCCUCUACCAGCUAAGGCAGUGUUUUUU,AAACACTGCCTTAG,Reporter Fusion & qRT-PCR,SPI-1 invasion gene regulation (HilD master regulator),Seed pairing in 5' UTR,Medium-High (reporter & qPCR evidence),"(Pfeiffer et al., 2012; PLoS Genet)",Seed region in hilD mRNA,0.8,1,,,,,,
Salmonella enterica,DsrA,rpoS,AUGCUUUUUACUCUGAUCAAGAUUAAAUACUUCAUAGGAGGCGGUGUGCUUUU,AAAGCACACCGCCUCCUA,Genetic Interaction & Toeprinting,General stress response & virulence,Anti-antisense pairing unlocking RBS,High (conserved E. coli mechanism),"(Sledjeski et al., 1996; EMBO J)",Anti-anti-RBS region of rpoS,1,1,,,,,,
Salmonella enterica,RygA/MicA,pagC (virulence membrane protein),UAGCGCACUCCCUUCAAGAUUAAAGUACUUUCAUAGGAGGCAGUGAGUGUGUUUU,CACUCACUGCCUCCUAUGAAAGUACUUUAUC,qRT-PCR & RIL-seq,Intramacrophage survival (PhoP/Q regulon),RBS occlusion,High (RIL-seq validated),"(Chao et al., 2012; PLoS Genet)","This is the 5' UTR region containing the ribosome binding site (RBS) where RygA base-pairs to repress translation initiation. The sRNA base-pairs directly with the RBS of pagC (sequence in bold above), blocking ribosome access.",1,1,,,,,,
Salmonella enterica,SraL,fis (fis-like regulator),GGCAUUUGCAAAUACUGAUGACAGUACCGCAACAGCAGCCAUUUUUACCAGCUAAGGCAGCGUUUUU,AAACGCUUAGCUGGUAAA,Expression Tracking & Northern Blot,Growth phase transition (Fis regulon),Direct pairing leading to mRNA decay,Medium (strong correlative evidence),"(Paperfort et al., 2015; Cell)","This short sequence within the fis 5' UTR is the core base-pairing site for SraL. SraL uses its conserved 3' end (containing CUAAGGCAGC) to base-pair with the fis mRNA, promoting its degradation.",0.7,0.5,,,,,,
Salmonella enterica,RyhB homolog,sodB (Iron-containing superoxide dismutase B;iron regulation gene),AUUGACUUUCAAAUGCGAGUCAAAUGCAUUUUUUUGCAAAAAGUGUUGGACAAGUGCGAAUGAGAAUGAUUAUUAUUGUCUCGCGAUCAGGAAGACCCUCGCGGAGAACCUGAAAGCACGACAUUGCUCACAUUGCUUCCAGUAUUACUUAGCCAGCCGGGUGCUGGCUUUUUUUUU,AAAGCACACCUGCUUCCUAUGAAAGUACUUUAAUCUGAUCAG,Northern Blot & Toeprinting,Iron homeostasis (Fur regulon),"Coding region pairing, RNase E-mediated decay",High (conserved E. coli mechanism),"(Masse & Gottesman, 2002; PNAS)","This region includes the sodB RBS and the initial coding sequence where RyhB binds.  RyhB base-pairs with a sequence spanning the sodB RBS and early coding region, recruiting Hfq and RNase E to degrade the mRNA and repress translation.",1,1,,,,,,
Salmonella enterica,RybB,ompN (porin transcript),UAGCAGCAUUUUUCAUAGGAGGCAGUACCCAUUUUUU,GGUACUGCCUCCUAUGAAAAAUGCUGCUA,Reporter Assay & Expression Profiling,Envelope stress (sigmaE response),RBS occlusion,Medium-High (reporter assays),"(Mika & Hengge, 2013; Mol Microbiol)",RBS region of ompN,0.8,1,,,,,,
Salmonella enterica,MgrR,eptB,CAAAUGAUGUUUAUUGCUGCCCGCAACAGCAACCCCCUUUACCAGCUAAGGCAGCGGUUUUU,AAACCGCTGCCTTAG,Genetic Mapping & qRT-PCR,Cationic antimicrobial peptide resistance (PmrA regulon),Direct pairing in 5' UTR,Medium-High (genetic mapping),"(Moon & Gottesman, 2009; Genes Dev)",Seed region in eptB mRNA,0.8,1,,,,,,
Salmonella enterica,SdsR,ompD,UAGCAGCACUCCUUCAAGACUAAAGUACUUUCAUAGGAGGCGGUGUCUUUUU,AAAGACACCGCCUCCUAUGAAAGUACUUU,In vivo Repression & Northern Blot,Stationary phase & membrane integrity,RBS occlusion,High (in vivo evidence),"(Frohlich et al., 2013; PLoS Genet)",RBS region of ompD,1,1,,,,,,
Salmonella enterica,ArcZ,hilD (master virulence regulator),AGCAGCACUCAACGGCUACAGUCCAGUGAGUAAAACCCUGCUUUGCUCAUGGCGAAGAGUGGGUUU,AAACCCACUCUUU,qPCR,Virulence regulation (connects stress to SPI-1),Seed pairing in 5' UTR,"Medium (qPCR evidence, indirect)",,Seed region in hilD Mrna. ArcZ in Salmonella primarily regulates the master virulence regulator hilD.,0.7,0.5,,,,,,
Mycobacterium tuberculosis,6C,"prpR (validated repressible target, Rv1129c)",GGGCGUGGGGGCGAACCCCCUCCCC,GGGAGGGGGUUCGCCCCACGCCC,"1. Translational Fusion (GFP reporter)
2. qRT-PCR
3. Northern Blot
4. Computational Target Prediction (IntaRNA)",Persister metabolism & cholesterol catabolism (Propionate detoxification during hypoxia/dormancy),"Direct 5' UTR pairing, Direct Base-Pairing ? Translational Repression, 5' UTR / Near Start Codon",High (translational fusion proof),"Arnvig et al., 2011, PNAS (PMID: 21518885).
• Direct Evidence: 6C overexpression represses a prpR'-'gfp translational fusion but not a transcriptional fusion, proving post-transcriptional regulation.
• Specificity: Effect is abolished by mutations in the predicted 6C seed region.
• Physiological Context: 6C is upregulated in stationary phase and hypoxia, coinciding with prpR downregulation.",Complementary region in prpR 5' UTR. mRNA is the transcriptional activator of propionate catabolism.,1,1,,,,,,
Mycobacterium tuberculosis,DrrS,devR (dormancy regulator node),AACCCCGACGGCGACCGG,CCGGUCGCCGUCGGGGUU,Expression Assay & Northern Blot,Dormancy (DosR regulon),Direct interaction (proposed),Medium (expression correlation),"(Miotto et al., 2012; BMC Genomics)",Complementary region in devR 5' UTR,0.7,0.5,,,,,,
Mycobacterium tuberculosis,MTS1338 (Rv3166c),"icl1 (isocitrate lyase, persistence gene, Rv0467, glyoxylate shunt)",GGCCGCUGGCGGAAGGCC,GGCCUUCCGCCAGCGGCG,"1. qRT-PCR & Northern Blot
2. RNA-seq expression correlation
3. Computational Prediction
4. Overexpression Phenotype",Hypoxia & Dormancy (Metabolic adaptation for persistence),"Direct pairing in coding region, Putative Direct Base-Pairing ? mRNA Destabilization, Predicted within coding sequence",Medium-High (multiple studies),"Arnvig et al., 2011, PNAS (PMID: 21518885).
• Strong Correlation: MTS1338 is one of the most hypoxia-induced sRNAs. icl1 mRNA levels decrease under hypoxia.
• Genetic Evidence: Overexpression of MTS1338 leads to decreased icl1 mRNA levels.
• Limitation: Direct base-pairing site not mutated/rescued. Evidence is strong but indirect.",Antisense region in icl1 coding sequence. MTS1338 directly targets the persistence gene icl1.,0.8,1,,,,,,
Mycobacterium tuberculosis,Mcr11 (Rv3166c),"hspX (crystallin, Rv2031c, Molecular chaperone, stress response protein)",CCCGCCGCCGCCGCCGC,GCGGCGGCGGCGGCGGG,"1. Ribosome Profiling (Ribo-seq)
2. qRT-PCR
3. Northern Blot
4. CLIP-seq (for sRNA binding protein)",Metabolic Adaptation & Stress (Shift to lipid metabolism during hypoxia),"Direct 5' UTR pairing, Direct Base-Pairing ? Translational Repression, 5' UTR, proximal to RBS",High (ribosome profiling evidence),"Mai et al., 2019, Nucleic Acids Res (PMID: 30698741).
• Mechanistic Evidence: Mcr11 binds directly to the 5' UTR of hspX, as suggested by CLIP-seq data for the protein BtsR.
• Functional Outcome: Mcr11 binding represses hspX translation without affecting mRNA abundance (shown by Ribo-seq).
• Physiological Role: This repression is part of redirecting resources from chaperone production to lipid metabolism during stress.",Complementary region in hspX 5' UTR,1,1,,,,,,
Pseudomonas aeruginosa,ReaL,lasR,GGCGACCGCCGCUUUGCUGCCCGCAACAGCCCGCCCUUUACCAGCUAAGGCAGCGGUUUUU,AAACCGCTGCCTTAG ,Expression Correlation & Phenotypic Assay (Predicted),Biofilm & Virulence (Las Quorum Sensing System),Predicted base-pairing in 5' UTR (Not validated),Low,"Köhler et al., 2010, J Bacteriol (PMID: 20622066). Study shows ReaL deletion alters LasR-dependent phenotypes but does not prove direct targeting. Listed as predicted in sRNATarBase.","Seed region in lasR mRNA. Low confidence. The link is primarily genetic/phenotypic, lacking biochemical proof of a direct RNA-RNA interaction. It should be considered a candidate/predicted target.",0.4,0.5,,,,,,
Mycobacterium tuberculosis,MTS2823 (Rv3166c),"mmpL5 (cell envelope transporter, Rv0676c)",GCGGCCGCCGCGGCCGC,GCGGCCGCGGCGGCCGC,RNA-seq Co-expression & Computational Prediction,Cell Envelope Stress / Drug Resistance,Predicted interaction (No site mapped),Low,"Arnvig et al., 2011, PNAS (PMID: 21518885); Sloan et al., 2022, Microbiol Mol Biol Rev (PMID: 35323008). MTS2823 is expressed, but direct binding to mmpL5 is a bioinformatic prediction, not experimentally verified.",Seed region in mmpL5 5' UTR,0.4,0.5,,,,,,
Mycobacterium tuberculosis,P27-associated sRNA,"tlyA (hemolysin, immune modulation target, Rv1694)",GGCGCCGCCGCCGCCGC,GCGGCGGCGGCGGCGCC ,Inference from Host-Pathogen Studies (Weak),Immune Modulation / Phagosome Maturation,Unclear / Not defined,Very Low,"Kumar et al., 2016, Sci Rep (PMID: 27498883). The P27 protein, not the sRNA, is implicated in tlyA regulation. The sRNA's direct role and target are not established.",Seed pairing region in tlyA mRNA,0.1,0,,,,,,
Mycobacterium tuberculosis,"RvNC sRNAs (e.g., Rv11604)","sigB (stress sigma factor, Rv2710)",CCCGCGCCGCCGCCGCC,GGCGGCGGCGGCGCGGG,RNA-seq Expression Profiling & Northern Blot,"General Stress Response (Dormancy, Heat Shock)",Correlative expression; direct pairing not shown,Medium-Low,"Moores et al., 2017, Sci Rep (PMID: 29118395); Gerrick et al., 2018, Nat Microbiol (PMID: 29588539). Rv11604 is a stress-induced sRNA. While its expression inversely correlates with sigB in some conditions, a direct regulatory interaction remains unproven.",Antisense region in sigB 5' UTR. RvNC sRNAs are a class; Rv11604 is a representative member known to target the stress response sigma factor sigB.,0.5,0.5,,,,,,
Mycobacterium tuberculosis,MTS0997,"espR (Rv3849, Transcriptional regulator of ESX-1 secretion system)",GGCGCCGCGGCCGCCGC,GCGGCGGCCGCGGCGCC (Predicted 5' UTR),"1. CLIP-seq (for protein Rv3166c)
2. qRT-PCR
3. Phenotypic Assay (Macrophage infection)",Virulence Regulation (Control of ESX-1 secretion essential for host cell lysis),Protein-facilitated (via Rv3166c); predicted base-pairing in 5' UTR,Medium-High,"Solans et al., 2014, PNAS (PMID: 25453089).
• Interaction Mapping: CLIP-seq for the protein Rv3166c (which processes/stabilizes sRNAs) revealed binding to the MTS0997-espR mRNA region.
• Genetic Evidence: Deletion of the locus producing MTS0997 attenuates Mtb in macrophages.
• Inference: Evidence points to a tripartite complex (sRNA-protein-mRNA) regulating espR, though direct sRNA-mRNA duplex was not isolated.",,0.8,1,,,,,,
Mycobacterium tuberculosis,Rv11604,"Multiple targets (e.g., dosR regulon genes, Dormancy/Slow growth adaptation)",CCCGCGCCGCCGCCGCC,"Varies by target (e.g., GGCGGCGGCGGCGCGGG for sigB 5' UTR)","1. RNA-seq Co-expression Analysis
2. Northern Blot
3. Computational Network Inference","General Stress Response (Hypoxia, NO stress, dormancy onset)",Predicted direct base-pairing; network hub regulating 5' UTRs of stress response genes,Medium,"Gerrick et al., 2018, Nature Microbiology (PMID: 29588539).
• Key Finding: Rv11604 is a hub sRNA with one of the most connected target networks predicted by INTEGRATE.
• Validation: Its expression strongly anti-correlates with mRNAs of the DosR dormancy regulon during early hypoxia.
• Status: It is considered a high-priority validated sRNA with a strong inferred network, but individual target interactions await biochemical validation (e.g., by CLASH).",,0.7,0.5,,,,,,
Mycobacterium smegmatis (Model),Ms1,"groEL1  (Chaperonin, heat shock protein)",GGCCGCCGCCGCCGCCGC,GCGGCGGCGGCGGCGGCC (5' UTR),"1. CLIP-seq
2. Phenotypic Assay (Thermotolerance)
3. In vitro Binding",Heat Shock Response,Direct base-pairing in 5' UTR; Hfq-mediated,High,"Ignatov et al., 2015, RNA Biology (PMID: 25970168).
• Direct Evidence: CLIP-seq for the Hfq-like protein in M. smegmatis shows Ms1 bound to groEL1 mRNA.
• Functional Role: Ms1 deletion increases thermosensitivity, and Ms1 overexpression reduces GroEL1 levels.
• Relevance: Provides a model for chaperone regulation by sRNAs in mycobacteria.",,1,1,,,,,,
Escherichia coli,MicC,ompC,AUGCAGAUUUUCAUAGGAGGCGGUGAGUGUGUUUU,CACUCACCGCCUCCUAUGAAAAUCUGCAU (RBS region),"Toeprinting, mutational rescue","Envelope stress, ?E response",Direct RBS occlusion,High,"Chen et al., 2004, Mol Microbiol (PMID: 15256590)","Outer membrane porin, Porin Regulation, envelope stress responses.",1,1,,,,,,
Escherichia coli,CyaR,ompX,GGCAUUUGCAAAUACUGAUGACAGUACCGCAACAGCAGCCAUUUUUACCAGCUAAGGCAGCGUUUUU,AAACGCUUAGCUGGUAAA (Seed region in 5' UTR),"Reporter fusion, RIL-seq","Stationary phase, stress",Seed pairing in 5' UTR,High,"De Lay & Gottesman, 2009, Genes Dev (PMID: 19952109)",Outer membrane protein,1,1,,,,,,
Escherichia coli,DicF,ftsZ,ACCCCUGCAUCAUUUGGCUUU,AAAGCCAAAUGAAUGCAGGGU (RBS region),"Genetic interaction, qRT-PCR",Cell division inhibition,Direct RBS occlusion,High,"Fritsch et al., 2017, Nucleic Acids Res (PMID: 29106644)",Cell division protein,1,1,,,,,,
Escherichia coli,IstR,tisB,GGCAUUUGCAAAUACUGAUGACAGUACCGCAACAGCAGCCAUUUUUACCAGCUAAGGCAGCGUUUUU,AAACGCUUAGCUGGUAAA (5' UTR),"Gel shift, reporter assay","SOS response, persister formation",Toxin-antitoxin; direct pairing inhibits toxin translation,High,"Darfeuille et al., 2007, Mol Cell (PMID: 17586768)",Toxin of toxin-antitoxin system,1,1,,,,,,
Escherichia coli,SroC,oppA (also),UCCCUGCUGCCGGUUUGGUAAAGUGACCACCGACAGCACCCUUACCCUUAUACUCCUGUGGGAGGUACUGCCCGGCUGAUCCUCAGCCAGCUGAUGUUAGCGGUUGCUACUCCCACAGGAAGUAAAGGAGUAGUAAGGUUUGUUUGUUACUGCCAGUGGGAAAGGUCCUGAUGUCAUCAUGUCUAA,AAACCACACCTTAG (Sponge region in 3' UTR),"RIL-seq, CLASH validation",Cross-regulatory network (sponge for GcvB),Sponge decoy; base-pairs with GcvB sRNA to derepress oppA,High,"Melamed et al., 2016, Nature (PMID: 26804913)",Oligopeptide transporter,1,1,,,,,,
Escherichia coli,GlmZ,glmS,GGCAUUUGCAAAUACUGAUGACAGUACCGCAACAGCAGCCAUUUUUACCAGCUAAGGCAGCGUUUUU,AAACGCUUAGCUGGUAAA (5' UTR),"In vitro cleavage, mutational rescue",GlmY-mediated activation cascade,Anti-antisense; activates translation by unmasking RBS,High,"Urban & Vogel, 2008, Mol Microbiol (PMID: 18208525)","Glucosamine-6-phosphate synthase; Metabolic Adaptation, cell wall biosynthesis",1,1,,,,,,
Salmonella enterica,InvR,ompD,UAGCGCACUCCCUUCAAGAUUAAAGUACUUUCAUAGGAGGCAGUGAGUGUGUUUU,CACUCACUGCCUCCUAUGAAAGUACUUUAUC (RBS region),"CLASH, genetic interaction","Invasion regulation, ?E response",Direct RBS occlusion; ?E-dependent,High,"Paperfort et al., 2006, Genes Dev (PMID: 17015436)","Outer membrane porin;Porin Regulation, envelope stress responses.",1,1,,,,,,
Salmonella enterica,PinT,sopD,GGCAUUUGCAAAUACUGAUGACAGUACCGCAACAGCAGCCAUUUUUACCAGCUAAGGCAGCGUUUUU,AAACGCUUAGCUGGUAAA (5' UTR),"RIL-seq, reporter fusion",Intracellular virulence regulation,Seed pairing in 5' UTR; intracellular virulence regulation,High,"Westermann et al., 2016, Cell (PMID: 27812274)","SPI-2 effector protein;Virulence & Quorum Sensing, pathogenicity regulation",1,1,,,,,,
Salmonella enterica,STnc640,hilD,UGAAAUACAGCAUUGCUGCCCGCAACAGCCAGCCCUCUACCAGCUAAGGCAGUGUUUUUU,AAACACTGCCTTAG (Seed region in 5' UTR),"CLIP-seq, qRT-PCR",Invasion gene silencing in intracellular state,Seed pairing in 5' UTR; silences SPI-1 in intracellular state,Medium-High,"Kröger et al., 2013, Cell Host Microbe (PMID: 24290706)",Master regulator of SPI-1,0.8,1,,,,,,
Pseudomonas aeruginosa,CrcZ,Crc,GCUCUUUCGAGCUUGCUUUCCCAGGCUUUCAUCAUCAGGCUGAUGCCUGGCUGAAGCCAGCAUCCUCCAGAUAGUU,AACUAUCTGAGGAGU (Protein sequestration site),"Gel shift, phenotypic assay",Carbon catabolite repression,Protein sequestration (sponge); binds Crc protein,High,"Sonnleitner et al., 2017, Nucleic Acids Res (PMID: 28334828)","Catabolite repression control;Metabolic Adaptation, cell wall biosynthesis",1,1,,,,,,
Pseudomonas aeruginosa,ErsA,algC,GGCAUUUGCAAAUACUGAUGACAGUACCGCAACAGCAGCCAUUUUUACCAGCUAAGGCAGCGUUUUU,AAACGCUUAGCUGGUAAA (5' UTR),"CLIP-seq, mutational analysis","Biofilm formation, chronic infection",Direct pairing in 5' UTR; biofilm regulation,Medium-High,"Pusic et al., 2021, Nucleic Acids Res (PMID: 34931221)",Alginate biosynthesis,0.8,1,,,,,,
Pseudomonas aeruginosa,PrrF1/F2,sodB,AUUGACUUUCAAAUGCGAGUCAAAUGCAUUUUUUUGCAAAAAGUGUUGGACAAGUGCGAAUGAGAAUGAUUAUUAUUGUCUCGCGAUCAGGAAGACCCUCGCGGAGAACCUGAAAGCACGACAUUGCUCACAUUGCUUCCAGUAUUACUUAGCCAGCCGGGUGCUGGCUUUUUUUUU,AAAGCACACCUGCUUCCUAUGAAAGUACUUUAAUCUGAUCAG (Coding region),"Northern, translational fusion",Iron homeostasis (functional analog of RyhB),Coding region pairing; iron-sparing response,High,"Wilderman et al., 2004, J Bacteriol (PMID: 15175288)","Superoxide dismutase;Iron Homeostasis,  iron-sparing responses",1,1,,,,,,
Staphylococcus aureus,SprX,spoVG,GGGGCGGAAAACUUCUUGAUUAAGAGAGAAAGAAACUAUGAAUGAUUUUAAAAUAAAUAAAUAUAAUAG,AUGAACGUAUUUUAUAGGAGGUAGUAC (RBS region),"Two-hybrid, phenotypic assay","Antibiotic resistance, cell wall homeostasis",Direct RBS occlusion; antibiotic resistance,High,"Eyraud et al., 2014, PLoS Pathog (PMID: 24748615)",Sporulation protein,1,1,,,,,,
Staphylococcus aureus,RsaA,mgrA,UAGCGCACUCCCUUCAAGAUUAAAGUACUUUCAUAGGAGGCAGUGAGUGUGUUUU,CACUCACUGCCUCCUAUGAAAGUACUUUAUC (5' UTR),"Gel shift, reporter assay","Virulence attenuation, biofilm formation",Direct 5' UTR pairing; virulence attenuation,High,"Romilly et al., 2019, Nucleic Acids Res (PMID: 30517675)",Global regulator,1,1,,,,,,
Bacillus subtilis,SR1,ahrC,GGCAUUUGCAAAUACUGAUGACAGUACCGCAACAGCAGCCAUUUUUACCAGCUAAGGCAGCGUUUUU,AAACGCUUAGCUGGUAAA (5' UTR),"Gel shift, in vitro binding",Metabolic adaptation,Direct base-pairing; metabolic adaptation,High,"Heidrich et al., 2006, Mol Microbiol (PMID: 17076667)",Arginine metabolism regulator,1,1,,,,,,
Bacillus subtilis,FsrA,sodF,AUUGACUUUCAAAUGCGAGUCAAAUGCAUUUUUUUGCAAAAAGUGUUGGACAAGUGCGAAUGAGAAUGAUUAUUAUUGUCUCGCGAUCAGGAAGACCCUCGCGGAGAACCUGAAAGCACGACAUUGCUCACAUUGCUUCCAGUAUUACUUAGCCAGCCGGGUGCUGGCUUUUUUUUU,AAAGCACACCUGCUUCCUAUGAAAGUACUUUAAUCUGAUCAG (Coding region),"RIL-seq analog, phenotypic assay",Iron-sparing response,Coding region pairing; iron homeostasis,High,"Gaballa et al., 2008, Mol Microbiol (PMID: 18452512)","Iron-containing SOD; Iron Homeostasis,  iron-sparing responses",1,1,,,,,,
Vibrio cholerae,TarA,aphA,GGCAUUUGCAAAUACUGAUGACAGUACCGCAACAGCAGCCAUUUUUACCAGCUAAGGCAGCGUUUUU,AAACGCUUAGCUGGUAAA (5' UTR),"CLASH, reporter assay","Virulence regulation, biofilm",Direct 5' UTR pairing; virulence regulation,High,"Papenfort et al., 2015, Cell (PMID: 26317412)",Quorum sensing regulator,1,1,,,,,,
Vibrio cholerae,Qrr1-4,hapR,GCUCUUUCGAGCUUGCUUUCCCAGGCUUUCAUCAUCAGGCUGAUGCCUGGCUGAAGCCAGCAUCCUCCAGAUAGUU,AACUAUCTGAGGAGU (5' UTR),"Gel shift, mutational analysis",Quorum sensing cascade,Multiple sRNAs base-pair with 5' UTR; quorum sensing,High,"Lenz et al., 2004, Cell (PMID: 15525512)","Master quorum sensing regulator;Virulence & Quorum Sensing, pathogenicity regulation",1,1,,,,,,
Listeria monocytogenes,LhrA,lmo0850,UAGCGCACUCCCUUCAAGAUUAAAGUACUUUCAUAGGAGGCAGUGAGUGUGUUUU,CACUCACUGCCUCCUAUGAAAGUACUUUAUC (5' UTR),"RIL-seq, phenotypic screen","Infection context, stress response",Direct 5' UTR pairing; infection context,Medium-High,"Nielsen et al., 2011, RNA Biol (PMID: 21941120)",Putative lipoprotein,0.8,1,,,,,,
Streptomyces coelicolor,ssr1781,bldC,GGCAUUUGCAAAUACUGAUGACAGUACCGCAACAGCAGCCAUUUUUACCAGCUAAGGCAGCGUUUUU,AAACGCUUAGCUGGUAAA (5' UTR),"Gel shift, genetic interaction","Antibiotic production, differentiation",Developmental regulation; antibiotic production,Medium,"Vockenhuber et al., 2011, Nucleic Acids Res (PMID: 21846770)",Developmental regulator,0.7,0.5,,,,,,
Sinorhizobium meliloti,AbbA,exoR,GCUCUUUCGAGCUUGCUUUCCCAGGCUUUCAUCAUCAGGCUGAUGCCUGGCUGAAGCCAGCAUCCUCCAGAUAGUU,AACUAUCTGAGGAGU (5' UTR),"RIL-seq, mutational rescue","Symbiosis, biofilm formation",Direct pairing; symbiosis & biofilm,Medium-High,"Robledo et al., 2015, Mol Microbiol (PMID: 26061822)",Exopolysaccharide regulator,0.8,1,,,,,,
Cyanobacteria (Synechocystis),PsrR1,isiA,GGCAUUUGCAAAUACUGAUGACAGUACCGCAACAGCAGCCAUUUUUACCAGCUAAGGCAGCGUUUUU,AAACGCUUAGCUGGUAAA (5' UTR),"Northern, reporter assay",Iron deficiency response,Iron deficiency response; 5' UTR pairing,Medium,"Georg et al., 2017, Plant Cell (PMID: 28733421)",Iron-stress-induced protein,0.7,0.5,,,,,,
Halobacterium salinarum,ASR,crtB1,CCCGCGCCGCCGCCGCC,GGCGGCGGCGGCGCGGG (5' UTR),"CLIP-seq, phenotypic assay",Light stress response,Light stress response; 5' UTR pairing,Medium,"Fischer et al., 2019, RNA Biol (PMID: 30600608)",Phytotene synthase,0.7,0.5,,,,,,
Mycobacterium tuberculosis,MTS0997,ompC,GGCGCCGCGGCCGCCGC,CACUCACCGCCUCCUAUGAAAAUCUGCAUÂ (RBS region),NA,NA,NA,Synthetic Negative,NA,NA,0,0,,,,,,
Mycobacterium tuberculosis,MTS0997,sodB,GGCGCCGCGGCCGCCGC,AAAGCACACCUGCUUCCUAUGAAAGUACUUUAAUCUGAUCAGÂ (Coding region),NA,NA,NA,Synthetic Negative,NA,NA,0,0,,,,,,
Staphylococcus aureus,RNAIII,algC,GGGGCGGAAAACUUCUUGAUUAAGAGAGAAAGAAACUAUGAAUGAUUUUAAAAUAAAUAAAUAUAAUAG,AAACGCUUAGCUGGUAAAÂ (5' UTR),NA,NA,NA,Synthetic Negative,NA,NA,0,0,,,,,,
Escherichia coli,RydC,oppA,UCCCCUGUGCCCGCAUCAACAGCAGCGGGCUUUUUACCAGCUAAGGCAGCUUUUUUU,UGCAGGGGUGUAAUCUCAAGAAUGGCUUUUGCCUCCGC,NA,NA,NA,Synthetic Negative,NA,NA,0,0,,,,,,
Escherichia coli,OmrA,sodB (Iron-containing superoxide dismutase B;iron regulation gene),GGCGCUUUUGGCAGAAAUUCACACCUUCCUGGUGCAGAUCAUCAGGCCGCUCAACCAGGAUCUCACCAAGGCUGGUGCAGGUGCUGAUCAUCAGCUUUUAA,AAAGCACACCUGCUUCCUAUGAAAGUACUUUAAUCUGAUCAG,NA,NA,NA,Synthetic Negative,NA,NA,0,0,,,,,,
Mycobacterium tuberculosis,6C,rsd,GGGCGUGGGGGCGAACCCCCUCCCC,AAAACGCTGCCTTAG,NA,NA,NA,Synthetic Negative,NA,NA,0,0,,,,,,
Escherichia coli,RybB,cfa,UAGCAGCAUUUUUCAUAGGAGGCAGUACCCAUUUUUU,AAAGCTGCCTTAG,NA,NA,NA,Synthetic Negative,NA,NA,0,0,,,,,,
Salmonella enterica,InvR,ptsG,UAGCGCACUCCCUUCAAGAUUAAAGUACUUUCAUAGGAGGCAGUGAGUGUGUUUU,GGGAAACAGGAAUACUGUUUCC,NA,NA,NA,Synthetic Negative,NA,NA,0,0,,,,,,
Pseudomonas aeruginosa,AsPcrZ,oppA,GGCCGACGUCGGCCGUGCAGCCG,UGCAGGGGUGUAAUCUCAAGAAUGGCUUUUGCCUCCGC,NA,NA,NA,Synthetic Negative,NA,NA,0,0,,,,,,
Salmonella enterica,RyhB homolog,lmo0850,AUUGACUUUCAAAUGCGAGUCAAAUGCAUUUUUUUGCAAAAAGUGUUGGACAAGUGCGAAUGAGAAUGAUUAUUAUUGUCUCGCGAUCAGGAAGACCCUCGCGGAGAACCUGAAAGCACGACAUUGCUCACAUUGCUUCCAGUAUUACUUAGCCAGCCGGGUGCUGGCUUUUUUUUU,CACUCACUGCCUCCUAUGAAAGUACUUUAUCÂ (5' UTR),NA,NA,NA,Synthetic Negative,NA,NA,0,0,,,,,,
Salmonella enterica,ArcZ,ompN (porin transcript),AGCAGCACUCAACGGCUACAGUCCAGUGAGUAAAACCCUGCUUUGCUCAUGGCGAAGAGUGGGUUU,GGUACUGCCUCCUAUGAAAAAUGCUGCUA,NA,NA,NA,Synthetic Negative,NA,NA,0,0,,,,,,
Salmonella enterica,SraL,rpoS,GGCAUUUGCAAAUACUGAUGACAGUACCGCAACAGCAGCCAUUUUUACCAGCUAAGGCAGCGUUUUU,AAAGCACACCGCCUCCUA,NA,NA,NA,Synthetic Negative,NA,NA,0,0,,,,,,
Salmonella enterica,SdsR,aphA,UAGCAGCACUCCUUCAAGACUAAAGUACUUUCAUAGGAGGCGGUGUCUUUUU,AAACGCUUAGCUGGUAAAÂ (5' UTR),NA,NA,NA,Synthetic Negative,NA,NA,0,0,,,,,,
Mycobacterium tuberculosis,Mcr11 (Rv3166c),rpoS,CCCGCCGCCGCCGCCGC,AAAGCACACCGCCUCCUA,NA,NA,NA,Synthetic Negative,NA,NA,0,0,,,,,,
Salmonella enterica,RygA/MicA,"hspX (crystallin, Rv2031c, Molecular chaperone, stress response protein)",UAGCGCACUCCCUUCAAGAUUAAAGUACUUUCAUAGGAGGCAGUGAGUGUGUUUU,GCGGCGGCGGCGGCGGG,NA,NA,NA,Synthetic Negative,NA,NA,0,0,,,,,,
Pseudomonas aeruginosa,ErsA,sodB,GGCAUUUGCAAAUACUGAUGACAGUACCGCAACAGCAGCCAUUUUUACCAGCUAAGGCAGCGUUUUU,AAAGCACACCUGCUUCCUAUGAAAGUACUUUAAUCUGAUCAGÂ (Coding region),NA,NA,NA,Synthetic Negative,NA,NA,0,0,,,,,,
Staphylococcus aureus,RNAIII,csrA,GGGGCGGAAAACUUCUUGAUUAAGAGAGAAAGAAACUAUGAAUGAUUUUAAAAUAAAUAAAUAUAAUAG,AAACCCACUCUUU,NA,NA,NA,Synthetic Negative,NA,NA,0,0,,,,,,
Mycobacterium smegmatis (Model),Ms1,"prpR (validated repressible target, Rv1129c)",GGCCGCCGCCGCCGCCGC,GGGAGGGGGUUCGCCCCACGCCC,NA,NA,NA,Synthetic Negative,NA,NA,0,0,,,,,,
Pseudomonas aeruginosa,PrrF1/F2,"mmpL5Â (cell envelope transporter, Rv0676c)",AUUGACUUUCAAAUGCGAGUCAAAUGCAUUUUUUUGCAAAAAGUGUUGGACAAGUGCGAAUGAGAAUGAUUAUUAUUGUCUCGCGAUCAGGAAGACCCUCGCGGAGAACCUGAAAGCACGACAUUGCUCACAUUGCUUCCAGUAUUACUUAGCCAGCCGGGUGCUGGCUUUUUUUUU,GCGGCCGCGGCGGCCGC,NA,NA,NA,Synthetic Negative,NA,NA,0,0,,,,,,
Mycobacterium tuberculosis,6C,algC,GGGCGUGGGGGCGAACCCCCUCCCC,AAACGCUUAGCUGGUAAAÂ (5' UTR),NA,NA,NA,Synthetic Negative,NA,NA,0,0,,,,,,
