organism,srna_name,mrna_name,srna_sequence,mrna_sequence,evidence_type,interaction_context,interaction_type_site,validation_level,reference_doi_or_pmid,notes,label_strength,deltaG_predicted,gc_content_srna,gc_content_mrna,seed_length,has_seed,hybrid_length
Escherichia coli,MicF,ompF,AUGCAGGUUCAUCAACACCUUAGGAAACCCUGCUUUGCACUCAUUGGUGAGUUUGGGUUUAACCCAAACUCACCAAUGAGCAA,AGACACATAAAGACACCAAACUCUCAUCA,Toeprinting & Mutational Rescue,"Envelope stress횄혘횂혘횄혗횂짱횄혘횂혗횄혗횂쩔횄혘횂혗횄혗횂쩍(high osmolarity, oxidative stress)",RBS occlusion횄혘횂혘횄혗횂짱횄혘횂혗횄혗횂쩔횄혘횂혗횄혗횂쩍(direct base-pairing near start codon),"High횄혘횂혘횄혗횂짱횄혘횂혗횄혗횂쩔횄혘횂혗횄혗횂쩍(classic, well-mapped)","(Andersen et al., 1989;횄혘횂혘횄혗횂짱횄혘횂혗횄혗횂쩔횄혘횂혗횄혗횂쩍Mol Microbiol)",Classic porin switch regulator repressing횄혘횂혘횄혗횂짱횄혘횂혗횄혗횂쩔횄혘횂혗횄혗횂쩍ompF횄혘횂혘횄혗횂짱횄혘횂혗횄혗횂쩔횄혘횂혗횄혗횂쩍under envelope stress to maintain membrane integrity.,1.0,nan,nan,nan,nan,nan,nan
Escherichia coli,RyhB,sdhC,AUUGACUUUCAAAUGCGAGUCAAAUGCAUUUUUUUGCAAAAAGUGUUGGACAAGUGCGAAUGAGAAUGAUUAUUAUUGUCUCGCGAUCAGGAAGACCCUCGCGGAGAACCUGAAAGCACGACAUUGCUCACAUUGCUUCCAGUAUUACUUAGCCAGCCGGGUGCUGGCUUUUUUUUU,GUUAUCAAAAUCGCCGGCGAGUCAUUAACGCC,Reporter Fusion & Northern Blot,Iron starvation횄혘횂혘횄혗횂짱횄혘횂혗횄혗횂쩔횄혘횂혗횄혗횂쩍(Fur regulon),RBS occlusion & mRNA degradation,High횄혘횂혘횄혗횂짱횄혘횂혗횄혗횂쩔횄혘횂혗횄혗횂쩍(biochemical & genetic),"(Masse & Gottesman, 2002;횄혘횂혘횄혗횂짱횄혘횂혗횄혗횂쩔횄혘횂혗횄혗횂쩍PNAS)",Core iron-sparing response: shuts down Fe-S cluster synthesis (SDH) during iron starvation to prioritize essential pathways.,1.0,nan,nan,nan,nan,nan,nan
Escherichia coli,RyhB,sodB,Same as above,AAAGCACACCUGCUUCCUAUGAAAGUACUUUAAUCUGAUCAG,Western Blot & Toeprinting,Iron starvation횄혘횂혘횄혗횂짱횄혘횂혗횄혗횂쩔횄혘횂혗횄혗횂쩍(Fur regulon),"Coding region pairing, RNase E-mediated decay",High횄혘횂혘횄혗횂짱횄혘횂혗횄혗횂쩔횄혘횂혗횄혗횂쩍(direct pairing confirmed),"(Masse et al., 2003;횄혘횂혘횄혗횂짱횄혘횂혗횄혗횂쩔횄혘횂혗횄혗횂쩍Mol Microbiol)",Iron homeostasis: represses iron-containing superoxide dismutase (SodB) to conserve iron for crucial cellular processes.,1.0,nan,nan,nan,nan,nan,nan
Escherichia coli,OmrA,csgD,GGCGCUUUUGGCAGAAAUUCACACCUUCCUGGUGCAGAUCAUCAGGCCGCUCAACCAGGAUCUCACCAAGGCUGGUGCAGGUGCUGAUCAUCAGCUUUUAA,AUUAAUAAUCCUAAUGAAAAUAACAAAAUGAA,Expression Array & Genetic Interaction,"Envelope stress & biofilm regulation횄혘횂혘횄혗횂짱횄혘횂혗횄혗횂쩔횄혘횂혗횄혗횂쩍(Cpx, Rcs pathways)",Translation inhibition via 5' UTR pairing,High횄혘횂혘횄혗횂짱횄혘횂혗횄혗횂쩔횄혘횂혗횄혗횂쩍(validated by CLIP-seq),"(Holmqvist et al., 2010;횄혘횂혘횄혗횂짱횄혘횂혗횄혗횂쩔횄혘횂혗횄혗횂쩍Nucleic Acids Res)",Biofilm-metabolism switch: represses curli regulator CsgD to inhibit biofilm formation under envelope stress conditions.,1.0,nan,nan,nan,nan,nan,nan
Escherichia coli,GcvB,oppA,UCCCUGCUGCCGGUUUGGUAAAGUGACCACCGACAGCACCCUUACCCUUAUACUCCUGUGGGAGGUACUGCCCGGCUGAUCCUCAGCCAGCUGAUGUUAGCGGUUGCUACUCCCACAGGAAGUAAAGGAGUAGUAAGGUUUGUUUGUUACUGCCAGUGGGAAAGGUCCUGAUGUCAUCAUGUCUAA,UGCAGGGGUGUAAUCUCAAGAAUGGCUUUUGCCUCCGC,Reporter Fusion & RIL-seq,Nutrient response횄혘횂혘횄혗횂짱횄혘횂혗횄혗횂쩔횄혘횂혗횄혗횂쩍(Ntr regulon),Seed pairing in G/U-rich region of 5' UTR,High횄혘횂혘횄혗횂짱횄혘횂혗횄혗횂쩔횄혘횂혗횄혗횂쩍(RIL-seq validated),"(Sharma et al., 2007;횄혘횂혘횄혗횂짱횄혘횂혗횄혗횂쩔횄혘횂혗횄혗횂쩍Mol Microbiol; Melamed et al., 2020;횄혘횂혘횄혗횂짱횄혘횂혗횄혗횂쩔횄혘횂혗횄혗횂쩍Nature)",Global nutrient regulator: targets multiple ABC transporter mRNAs like횄혘횂혘횄혗횂짱횄혘횂혗횄혗횂쩔횄혘횂혗횄혗횂쩍oppA횄혘횂혘횄혗횂짱횄혘횂혗횄혗횂쩔횄혘횂혗횄혗횂쩍via a conserved G/U-rich seed region to modulate peptide uptake.,1.0,nan,nan,nan,nan,nan,nan
Salmonella enterica,MicA,ompA,UAGCGCACUCCCUUCAAGAUUAAAGUACUUUCAUAGGAGGCAGUGAGUGUGUUUU,AUAAAUGAAGUAUACUUCUAAUUCUACUUUUUGCUGCUUUUGUUACCAGUAUU,Primer Extension & Expression Assay,Envelope stress횄혘횂혘횄혗횂짱횄혘횂혗횄혗횂쩔횄혘횂혗횄혗횂쩍(sigmaE response),RBS occlusion,High횄혘횂혘횄혗횂짱횄혘횂혗횄혗횂쩔횄혘횂혗횄혗횂쩍(conserved E. coli mechanism),"(Pfeiffer et al., 2007;횄혘횂혘횄혗횂짱횄혘횂혗횄혗횂쩔횄혘횂혗횄혗횂쩍RNA)",Envelope stress response: post-transcriptionally downregulates outer membrane porin OmpA via ?E activation to survive host defenses.,1.0,nan,nan,nan,nan,nan,nan
Pseudomonas aeruginosa,RsmY,RsmA,GGCUCUUUUGAGGCUUGUUUUCCCAGGCUUUCAUCAUCAGGCUGAUGCCUGGCUGAAGCCAGCAUCCUCCAGAUAGUU,AUGGCUAAGCGCUUCAAGCAAGCCGGCGGAAGC,Gel Shift (Protein Sequestration) Assay,Biofilm-virulence switch횄혘횂혘횄혗횂짱횄혘횂혗횄혗횂쩔횄혘횂혗횄혗횂쩍(Gac/Rsm system),Protein sequestration횄혘횂혘횄혗횂짱횄혘횂혗횄혗횂쩔횄혘횂혗횄혗횂쩍(RsmA binding),High횄혘횂혘횄혗횂짱횄혘횂혗횄혗횂쩔횄혘횂혗횄혗횂쩍(direct protein binding shown),"(Brencic et al., 2009;횄혘횂혘횄혗횂짱횄혘횂혗횄혗횂쩔횄혘횂혗횄혗횂쩍Genes Dev)",Central virulence switch: sequesters translational repressor RsmA to derepress expression of acute infection factors and suppress biofilm formation.,1.0,nan,nan,nan,nan,nan,nan
Staphylococcus aureus,RNAIII,rot,GGGGCGGAAAACUUCUUGAUUAAGAGAGAAAGAAACUAUGAAUGAUUUUAAAAUAAAUAAAUAUAAUAG,AUGAACGUAUUUUAUAGGAGGUAGUAC,Mutational Assay & Toeprinting,Quorum sensing & virulence regulation횄혘횂혘횄혗횂짱횄혘횂혗횄혗횂쩔횄혘횂혗횄혗횂쩍(Agr system),Translational repression via extended pairing,High횄혘횂혘횄혗횂짱횄혘횂혗횄혗횂쩔횄혘횂혗횄혗횂쩍(detailed mutational analysis),"(Boisset et al., 2007;횄혘횂혘횄혗횂짱횄혘횂혗횄혗횂쩔횄혘횂혗횄혗횂쩍PLoS Pathog)",RBS region of rot,1.0,nan,nan,nan,nan,nan,nan
Escherichia coli,ArcZ,csrA,AGCAGCACUCAACGGCUACAGUCCAGUGAGUAAAACCCUGCUUUGCUCAUGGCGAAGAGUGGGUUU,AAACCCACUCUUU,Mutational Rescue & CLASH,Carbon metabolism & stress response,"Direct base-pairing in 5' UTR, affects CsrA binding site",High횄혘횂혘횄혗횂짱횄혘횂혗횄혗횂쩔횄혘횂혗횄혗횂쩍(CLASH-confirmed interaction),"(Papenfort et al., 2009;횄혘횂혘횄혗횂짱횄혘횂혗횄혗횂쩔횄혘횂혗횄혗횂쩍Genes Dev; Melamed et al., 2016;횄혘횂혘횄혗횂짱횄혘횂혗횄혗횂쩔횄혘횂혗횄혗횂쩍Nature)",Seed region in횄혘횂혘횄혗횂짱횄혘횂혗횄혗횂쩔횄혘횂혗횄혗횂쩍csrA횄혘횂혘횄혗횂짱횄혘횂혗횄혗횂쩔횄혘횂혗횄혗횂쩍mRNA,1.0,nan,nan,nan,nan,nan,nan
Escherichia coli,SgrS,ptsG,GGAAACAGUAUUCCUGGUGCGUGCCCGCAACAGCAUCCCCUUUACCAGCUAAGGCAGGGUUUUUUU,GGGAAACAGGAAUACUGUUUCC,Reporter Fusion & Toeprinting,Glucose-phosphate stress횄혘횂혘횄혗횂짱횄혘횂혗횄혗횂쩔횄혘횂혗횄혗횂쩍(SgrR activation),"RBS occlusion, Hfq-dependent decay",High횄혘횂혘횄혗횂짱횄혘횂혗횄혗횂쩔횄혘횂혗횄혗횂쩍(biochemically defined),"(Kawamoto et al., 2006;횄혘횂혘횄혗횂짱횄혘횂혗횄혗횂쩔횄혘횂혗횄혗횂쩍Mol Microbiol)",Target site in횄혘횂혘횄혗횂짱횄혘횂혗횄혗횂쩔횄혘횂혗횄혗횂쩍ptsG횄혘횂혘횄혗횂짱횄혘횂혗횄혗횂쩔횄혘횂혗횄혗횂쩍5' UTR,1.0,nan,nan,nan,nan,nan,nan
Escherichia coli,Spot42,galK,AAUCAGAUAAAGCCAGGAAACACCUGCUUUACUUAAGCUGUUGCCCGACAGC,UGUCGGGCAACAGCUUAA,Expression Change & Genetic Interaction,Carbon catabolite repression횄혘횂혘횄혗횂짱횄혘횂혗횄혗횂쩔횄혘횂혗횄혗횂쩍(CRP-dependent),Anti-anti-RBS pairing,High횄혘횂혘횄혗횂짱횄혘횂혗횄혗횂쩔횄혘횂혗횄혗횂쩍(classic model),"(Moller et al., 2002;횄혘횂혘횄혗횂짱횄혘횂혗횄혗횂쩔횄혘횂혗횄혗횂쩍J Mol Biol)",Anti-anti-RBS region of횄혘횂혘횄혗횂짱횄혘횂혗횄혗횂쩔횄혘횂혗횄혗횂쩍galK,1.0,nan,nan,nan,nan,nan,nan
Escherichia coli,McaS,flhD,GGCAUUUGCAAAAACUGAUGACAGUACCGCAACAGCAGCCAUUUUUACCAGCUAAGGUAGCGUUUU,AAAACGCTACCTTAG,Expression Assay & CLASH,Motility-biofilm switch횄혘횂혘횄혗횂짱횄혘횂혗횄혗횂쩔횄혘횂혗횄혗횂쩍(c-di-GMP mediated),Seed pairing in 5' UTR,High횄혘횂혘횄혗횂짱횄혘횂혗횄혗횂쩔횄혘횂혗횄혗횂쩍(CLASH validated),"(Jorgensen et al., 2012;횄혘횂혘횄혗횂짱횄혘횂혗횄혗횂쩔횄혘횂혗횄혗횂쩍Nucleic Acids Res)",Seed pairing region,1.0,nan,nan,nan,nan,nan,nan
Escherichia coli,RydC,cfa,UCCCCUGUGCCCGCAUCAACAGCAGCGGGCUUUUUACCAGCUAAGGCAGCUUUUUUU,AAAGCTGCCTTAG,Reporter Assay & In vitro Binding,Membrane fluidity & cold shock,RBS occlusion,Medium-High횄혘횂혘횄혗횂짱횄혘횂혗횄혗횂쩔횄혘횂혗횄혗횂쩍(in vivo validation),"(Frohlich et al., 2012;횄혘횂혘횄혗횂짱횄혘횂혗횄혗횂쩔횄혘횂혗횄혗횂쩍RNA)",Seed region in횄혘횂혘횄혗횂짱횄혘횂혗횄혗횂쩔횄혘횂혗횄혗횂쩍cfa횄혘횂혘횄혗횂짱횄혘횂혗횄혗횂쩔횄혘횂혗횄혗횂쩍mRNA,0.8,nan,nan,nan,nan,nan,nan
Escherichia coli,RprA,rsd,CUGGCGGCUGAAACGCAGCAAAUACCCUUUUACCAGCUAAGGCAGCGUUUUUUU,AAAACGCTGCCTTAG,Mutational Assay & Expression Tracking,Stationary phase & stress response,Direct pairing in 5' UTR,Medium-High횄혘횂혘횄혗횂짱횄혘횂혗횄혗횂쩔횄혘횂혗횄혗횂쩍(genetic evidence),"(Majdalani et al., 2001;횄혘횂혘횄혗횂짱횄혘횂혗횄혗횂쩔횄혘횂혗횄혗횂쩍Mol Microbiol)",Seed region in횄혘횂혘횄혗횂짱횄혘횂혗횄혗횂쩔횄혘횂혗횄혗횂쩍rsd횄혘횂혘횄혗횂짱횄혘횂혗횄혗횂쩔횄혘횂혗횄혗횂쩍mRNA,0.8,nan,nan,nan,nan,nan,nan
Pseudomonas aeruginosa,PhrS,phzA1 (anaerobic regulator target),ACCGCCCCUGAACAGGCCCGCCGCUCCCGCAACAGCCUCCCCUCUACCAGCUAAGGUGUGGUUUU,AAACCACACCTTAG,Metabolic Reporter & Northern Blot,Hypoxia & anaerobic respiration횄혘횂혘횄혗횂짱횄혘횂혗횄혗횂쩔횄혘횂혗횄혗횂쩍(Anr regulon),Translation activation via anti-antisense mechanism,High횄혘횂혘횄혗횂짱횄혘횂혗횄혗횂쩔횄혘횂혗횄혗횂쩍(well-characterized),"(Sonnleitner et al., 2011;횄혘횂혘횄혗횂짱횄혘횂혗횄혗횂쩔횄혘횂혗횄혗횂쩍EMBO J)",Seed region in횄혘횂혘횄혗횂짱횄혘횂혗횄혗횂쩔횄혘횂혗횄혗횂쩍phzA1횄혘횂혘횄혗횂짱횄혘횂혗횄혗횂쩔횄혘횂혗횄혗횂쩍mRNA,1.0,nan,nan,nan,nan,nan,nan
Pseudomonas aeruginosa,RsmZ,rsmA,GCUCUUUCGAGCUUGCUUUCCCAGGCUUUCAUCAUCAGGCUGAUGCCUGGCUGAAGCCAGCAUCCUCCAGAUAGUU,AACUAUCTGAGGAGU,Protein Sequestration Assay (Gel Shift),Biofilm-virulence switch횄혘횂혘횄혗횂짱횄혘횂혗횄혗횂쩔횄혘횂혗횄혗횂쩍(Gac/Rsm system),Protein sequestration횄혘횂혘횄혗횂짱횄혘횂혗횄혗횂쩔횄혘횂혗횄혗횂쩍(RsmA binding),High횄혘횂혘횄혗횂짱횄혘횂혗횄혗횂쩔횄혘횂혗횄혗횂쩍(identical mechanism to RsmY),"(Brencic et al., 2009;횄혘횂혘횄혗횂짱횄혘횂혗횄혗횂쩔횄혘횂혗횄혗횂쩍Genes Dev)",Seed region for RsmA binding,1.0,nan,nan,nan,nan,nan,nan
Pseudomonas aeruginosa,AsPcrZ,lasI (quorum sensing gene),GGCCGACGUCGGCCGUGCAGCCG,CGGCUGCCACGCCG,Expression Assay & Genetic Deletion,Quorum sensing modulation,Direct repression via 5' UTR pairing,"Medium횄혘횂혘횄혗횂짱횄혘횂혗횄혗횂쩔횄혘횂혗횄혗횂쩍(genetic evidence, less biochemical)","(Wurtzel et al., 2012;횄혘횂혘횄혗횂짱횄혘횂혗횄혗횂쩔횄혘횂혗횄혗횂쩍Cell Host & Microbe)",Complementary region in횄혘횂혘횄혗횂짱횄혘횂혗횄혗횂쩔횄혘횂혗횄혗횂쩍lasI횄혘횂혘횄혗횂짱횄혘횂혗횄혗횂쩔횄혘횂혗횄혗횂쩍5' UTR,0.7,nan,nan,nan,nan,nan,nan
Salmonella enterica,IsrM,hilD (inv/spi regulator),UGAAAUACAGCAUUGCUGCCCGCAACAGCCAGCCCUCUACCAGCUAAGGCAGUGUUUUUU,AAACACTGCCTTAG,Reporter Fusion & qRT-PCR,SPI-1 invasion gene regulation횄혘횂혘횄혗횂짱횄혘횂혗횄혗횂쩔횄혘횂혗횄혗횂쩍(HilD master regulator),Seed pairing in 5' UTR,Medium-High횄혘횂혘횄혗횂짱횄혘횂혗횄혗횂쩔횄혘횂혗횄혗횂쩍(reporter & qPCR evidence),"(Pfeiffer et al., 2012;횄혘횂혘횄혗횂짱횄혘횂혗횄혗횂쩔횄혘횂혗횄혗횂쩍PLoS Genet)",Seed region in횄혘횂혘횄혗횂짱횄혘횂혗횄혗횂쩔횄혘횂혗횄혗횂쩍hilD횄혘횂혘횄혗횂짱횄혘횂혗횄혗횂쩔횄혘횂혗횄혗횂쩍mRNA,0.8,nan,nan,nan,nan,nan,nan
Salmonella enterica,DsrA,rpoS,AUGCUUUUUACUCUGAUCAAGAUUAAAUACUUCAUAGGAGGCGGUGUGCUUUU,AAAGCACACCGCCUCCUA,Genetic Interaction & Toeprinting,General stress response & virulence,Anti-antisense pairing unlocking RBS,High횄혘횂혘횄혗횂짱횄혘횂혗횄혗횂쩔횄혘횂혗횄혗횂쩍(conserved E. coli mechanism),"(Sledjeski et al., 1996;횄혘횂혘횄혗횂짱횄혘횂혗횄혗횂쩔횄혘횂혗횄혗횂쩍EMBO J)",Anti-anti-RBS region of횄혘횂혘횄혗횂짱횄혘횂혗횄혗횂쩔횄혘횂혗횄혗횂쩍rpoS,1.0,nan,nan,nan,nan,nan,nan
Salmonella enterica,RygA/MicA,pagC (virulence membrane protein),UAGCGCACUCCCUUCAAGAUUAAAGUACUUUCAUAGGAGGCAGUGAGUGUGUUUU,CACUCACUGCCUCCUAUGAAAGUACUUUAUC,qRT-PCR & RIL-seq,Intramacrophage survival횄혘횂혘횄혗횂짱횄혘횂혗횄혗횂쩔횄혘횂혗횄혗횂쩍(PhoP/Q regulon),RBS occlusion,High횄혘횂혘횄혗횂짱횄혘횂혗횄혗횂쩔횄혘횂혗횄혗횂쩍(RIL-seq validated),"(Chao et al., 2012;횄혘횂혘횄혗횂짱횄혘횂혗횄혗횂쩔횄혘횂혗횄혗횂쩍PLoS Genet)","This is the 5' UTR region containing the ribosome binding site (RBS) where RygA base-pairs to repress translation initiation. The sRNA base-pairs directly with the RBS of pagC (sequence in bold above), blocking ribosome access.",1.0,nan,nan,nan,nan,nan,nan
Salmonella enterica,SraL,fis (fis-like regulator),GGCAUUUGCAAAUACUGAUGACAGUACCGCAACAGCAGCCAUUUUUACCAGCUAAGGCAGCGUUUUU,AAACGCUUAGCUGGUAAA,Expression Tracking & Northern Blot,Growth phase transition횄혘횂혘횄혗횂짱횄혘횂혗횄혗횂쩔횄혘횂혗횄혗횂쩍(Fis regulon),Direct pairing leading to mRNA decay,Medium횄혘횂혘횄혗횂짱횄혘횂혗횄혗횂쩔횄혘횂혗횄혗횂쩍(strong correlative evidence),"(Paperfort et al., 2015;횄혘횂혘횄혗횂짱횄혘횂혗횄혗횂쩔횄혘횂혗횄혗횂쩍Cell)","This short sequence within the fis 5' UTR is the core base-pairing site for SraL. SraL uses its conserved 3' end (containing CUAAGGCAGC) to base-pair with the fis mRNA, promoting its degradation.",0.8,nan,nan,nan,nan,nan,nan
Salmonella enterica,RyhB homolog,sodB (Iron-containing superoxide dismutase B;iron regulation gene),AUUGACUUUCAAAUGCGAGUCAAAUGCAUUUUUUUGCAAAAAGUGUUGGACAAGUGCGAAUGAGAAUGAUUAUUAUUGUCUCGCGAUCAGGAAGACCCUCGCGGAGAACCUGAAAGCACGACAUUGCUCACAUUGCUUCCAGUAUUACUUAGCCAGCCGGGUGCUGGCUUUUUUUUU,AAAGCACACCUGCUUCCUAUGAAAGUACUUUAAUCUGAUCAG,Northern Blot & Toeprinting,Iron homeostasis횄혘횂혘횄혗횂짱횄혘횂혗횄혗횂쩔횄혘횂혗횄혗횂쩍(Fur regulon),"Coding region pairing, RNase E-mediated decay",High횄혘횂혘횄혗횂짱횄혘횂혗횄혗횂쩔횄혘횂혗횄혗횂쩍(conserved E. coli mechanism),"(Masse & Gottesman, 2002;횄혘횂혘횄혗횂짱횄혘횂혗횄혗횂쩔횄혘횂혗횄혗횂쩍PNAS)","This region includes the sodB RBS and the initial coding sequence where RyhB binds.  RyhB base-pairs with a sequence spanning the sodB RBS and early coding region, recruiting Hfq and RNase E to degrade the mRNA and repress translation.",1.0,nan,nan,nan,nan,nan,nan
Salmonella enterica,RybB,ompN (porin transcript),UAGCAGCAUUUUUCAUAGGAGGCAGUACCCAUUUUUU,GGUACUGCCUCCUAUGAAAAAUGCUGCUA,Reporter Assay & Expression Profiling,Envelope stress횄혘횂혘횄혗횂짱횄혘횂혗횄혗횂쩔횄혘횂혗횄혗횂쩍(sigmaE response),RBS occlusion,Medium-High횄혘횂혘횄혗횂짱횄혘횂혗횄혗횂쩔횄혘횂혗횄혗횂쩍(reporter assays),"(Mika & Hengge, 2013;횄혘횂혘횄혗횂짱횄혘횂혗횄혗횂쩔횄혘횂혗횄혗횂쩍Mol Microbiol)",RBS region of횄혘횂혘횄혗횂짱횄혘횂혗횄혗횂쩔횄혘횂혗횄혗횂쩍ompN,0.8,nan,nan,nan,nan,nan,nan
Salmonella enterica,MgrR,eptB,CAAAUGAUGUUUAUUGCUGCCCGCAACAGCAACCCCCUUUACCAGCUAAGGCAGCGGUUUUU,AAACCGCTGCCTTAG,Genetic Mapping & qRT-PCR,Cationic antimicrobial peptide resistance횄혘횂혘횄혗횂짱횄혘횂혗횄혗횂쩔횄혘횂혗횄혗횂쩍(PmrA regulon),Direct pairing in 5' UTR,Medium-High횄혘횂혘횄혗횂짱횄혘횂혗횄혗횂쩔횄혘횂혗횄혗횂쩍(genetic mapping),"(Moon & Gottesman, 2009;횄혘횂혘횄혗횂짱횄혘횂혗횄혗횂쩔횄혘횂혗횄혗횂쩍Genes Dev)",Seed region in횄혘횂혘횄혗횂짱횄혘횂혗횄혗횂쩔횄혘횂혗횄혗횂쩍eptB횄혘횂혘횄혗횂짱횄혘횂혗횄혗횂쩔횄혘횂혗횄혗횂쩍mRNA,0.8,nan,nan,nan,nan,nan,nan
Salmonella enterica,SdsR,ompD,UAGCAGCACUCCUUCAAGACUAAAGUACUUUCAUAGGAGGCGGUGUCUUUUU,AAAGACACCGCCUCCUAUGAAAGUACUUU,In vivo Repression & Northern Blot,Stationary phase & membrane integrity,RBS occlusion,High횄혘횂혘횄혗횂짱횄혘횂혗횄혗횂쩔횄혘횂혗횄혗횂쩍(in vivo evidence),"(Frohlich et al., 2013;횄혘횂혘횄혗횂짱횄혘횂혗횄혗횂쩔횄혘횂혗횄혗횂쩍PLoS Genet)",RBS region of횄혘횂혘횄혗횂짱횄혘횂혗횄혗횂쩔횄혘횂혗횄혗횂쩍ompD,1.0,nan,nan,nan,nan,nan,nan
Salmonella enterica,ArcZ,hilD (master virulence regulator),AGCAGCACUCAACGGCUACAGUCCAGUGAGUAAAACCCUGCUUUGCUCAUGGCGAAGAGUGGGUUU,AAACCCACUCUUU,qPCR,Virulence regulation횄혘횂혘횄혗횂짱횄혘횂혗횄혗횂쩔횄혘횂혗횄혗횂쩍(connects stress to SPI-1),Seed pairing in 5' UTR,"Medium횄혘횂혘횄혗횂짱횄혘횂혗횄혗횂쩔횄혘횂혗횄혗횂쩍(qPCR evidence, indirect)",nan,Seed region in횄혘횂혘횄혗횂짱횄혘횂혗횄혗횂쩔횄혘횂혗횄혗횂쩍hilD횄혘횂혘횄혗횂짱횄혘횂혗횄혗횂쩔횄혘횂혗횄혗횂쩍Mrna. ArcZ in Salmonella primarily regulates the master virulence regulator hilD.,0.7,nan,nan,nan,nan,nan,nan
Mycobacterium tuberculosis,6C,"prpR (validated repressible target, Rv1129c)",GGGCGUGGGGGCGAACCCCCUCCCC,GGGAGGGGGUUCGCCCCACGCCC,"1. Translational Fusion (GFP reporter)
2. qRT-PCR
3. Northern Blot
4. Computational Target Prediction (IntaRNA)",Persister metabolism & cholesterol catabolism (Propionate detoxification during hypoxia/dormancy),"Direct 5' UTR pairing, Direct Base-Pairing ? Translational Repression, 5' UTR / Near Start Codon",High횄혘횂혘횄혗횂짱횄혘횂혗횄혗횂쩔횄혘횂혗횄혗횂쩍(translational fusion proof),"Arnvig et al., 2011, PNAS (PMID: 21518885).
횄혘횂혘횄혗횂짱횄혘횂혗횄혗횂쩔횄혘횂혗횄혗횂쩍 Direct Evidence: 6C overexpression represses a prpR'-'gfp translational fusion but not a transcriptional fusion, proving post-transcriptional regulation.
횄혘횂혘횄혗횂짱횄혘횂혗횄혗횂쩔횄혘횂혗횄혗횂쩍 Specificity: Effect is abolished by mutations in the predicted 6C seed region.
횄혘횂혘횄혗횂짱횄혘횂혗횄혗횂쩔횄혘횂혗횄혗횂쩍 Physiological Context: 6C is upregulated in stationary phase and hypoxia, coinciding with prpR downregulation.",Complementary region in prpR 5' UTR. mRNA is the transcriptional activator of propionate catabolism.,1.0,nan,nan,nan,nan,nan,nan
Mycobacterium tuberculosis,DrrS,devR (dormancy regulator node),AACCCCGACGGCGACCGG,CCGGUCGCCGUCGGGGUU,Expression Assay & Northern Blot,Dormancy (DosR regulon),Direct interaction (proposed),Medium횄혘횂혘횄혗횂짱횄혘횂혗횄혗횂쩔횄혘횂혗횄혗횂쩍(expression correlation),"(Miotto et al., 2012;횄혘횂혘횄혗횂짱횄혘횂혗횄혗횂쩔횄혘횂혗횄혗횂쩍BMC Genomics)",Complementary region in devR 5' UTR,0.7,nan,nan,nan,nan,nan,nan
Mycobacterium tuberculosis,MTS1338 (Rv3166c),"icl1 (isocitrate lyase, persistence gene, Rv0467, glyoxylate shunt)",GGCCGCUGGCGGAAGGCC,GGCCUUCCGCCAGCGGCG,"1. qRT-PCR & Northern Blot
2. RNA-seq expression correlation
3. Computational Prediction
4. Overexpression Phenotype",Hypoxia & Dormancy (Metabolic adaptation for persistence),"Direct pairing in coding region, Putative Direct Base-Pairing ? mRNA Destabilization, Predicted within coding sequence",Medium-High횄혘횂혘횄혗횂짱횄혘횂혗횄혗횂쩔횄혘횂혗횄혗횂쩍(multiple studies),"Arnvig et al., 2011, PNAS (PMID: 21518885).
횄혘횂혘횄혗횂짱횄혘횂혗횄혗횂쩔횄혘횂혗횄혗횂쩍 Strong Correlation: MTS1338 is one of the most hypoxia-induced sRNAs. icl1 mRNA levels decrease under hypoxia.
횄혘횂혘횄혗횂짱횄혘횂혗횄혗횂쩔횄혘횂혗횄혗횂쩍 Genetic Evidence: Overexpression of MTS1338 leads to decreased icl1 mRNA levels.
횄혘횂혘횄혗횂짱횄혘횂혗횄혗횂쩔횄혘횂혗횄혗횂쩍 Limitation: Direct base-pairing site not mutated/rescued. Evidence is strong but indirect.",Antisense region in icl1 coding sequence. MTS1338 directly targets the persistence gene icl1.,0.8,nan,nan,nan,nan,nan,nan
Mycobacterium tuberculosis,Mcr11 (Rv3166c),"hspX (crystallin, Rv2031c, Molecular chaperone, stress response protein)",CCCGCCGCCGCCGCCGC,GCGGCGGCGGCGGCGGG,"1. Ribosome Profiling (Ribo-seq)
2. qRT-PCR
3. Northern Blot
4. CLIP-seq (for sRNA binding protein)",Metabolic Adaptation & Stress (Shift to lipid metabolism during hypoxia),"Direct 5' UTR pairing, Direct Base-Pairing ? Translational Repression, 5' UTR, proximal to RBS",High횄혘횂혘횄혗횂짱횄혘횂혗횄혗횂쩔횄혘횂혗횄혗횂쩍(ribosome profiling evidence),"Mai et al., 2019, Nucleic Acids Res (PMID: 30698741).
횄혘횂혘횄혗횂짱횄혘횂혗횄혗횂쩔횄혘횂혗횄혗횂쩍 Mechanistic Evidence: Mcr11 binds directly to the 5' UTR of hspX, as suggested by CLIP-seq data for the protein BtsR.
횄혘횂혘횄혗횂짱횄혘횂혗횄혗횂쩔횄혘횂혗횄혗횂쩍 Functional Outcome: Mcr11 binding represses hspX translation without affecting mRNA abundance (shown by Ribo-seq).
횄혘횂혘횄혗횂짱횄혘횂혗횄혗횂쩔횄혘횂혗횄혗횂쩍 Physiological Role: This repression is part of redirecting resources from chaperone production to lipid metabolism during stress.",Complementary region in hspX 5' UTR,1.0,nan,nan,nan,nan,nan,nan
Pseudomonas aeruginosa,ReaL,lasR,GGCGACCGCCGCUUUGCUGCCCGCAACAGCCCGCCCUUUACCAGCUAAGGCAGCGGUUUUU,AAACCGCTGCCTTAG횄혘횂혘횄혗횂짱횄혘횂혗횄혗횂쩔횄혘횂혗횄혗횂쩍,Expression Correlation & Phenotypic Assay횄혘횂혘횄혗횂짱횄혘횂혗횄혗횂쩔횄혘횂혗횄혗횂쩍(Predicted),Biofilm & Virulence횄혘횂혘횄혗횂짱횄혘횂혗횄혗횂쩔횄혘횂혗횄혗횂쩍(Las Quorum Sensing System),Predicted base-pairing in 5' UTR횄혘횂혘횄혗횂짱횄혘횂혗횄혗횂쩔횄혘횂혗횄혗횂쩍(Not validated),Low,"K횄혘횂혘횄혗횂짱횄혘횂혗횄혗횂쩔횄혘횂혗횄혗횂쩍hler et al., 2010, J Bacteriol (PMID: 20622066). Study shows ReaL deletion alters LasR-dependent phenotypes but does not prove direct targeting. Listed as predicted in sRNATarBase.","Seed region in횄혘횂혘횄혗횂짱횄혘횂혗횄혗횂쩔횄혘횂혗횄혗횂쩍lasR횄혘횂혘횄혗횂짱횄혘횂혗횄혗횂쩔횄혘횂혗횄혗횂쩍mRNA. Low confidence. The link is primarily genetic/phenotypic, lacking biochemical proof of a direct RNA-RNA interaction. It should be considered a candidate/predicted target.",0.4,nan,nan,nan,nan,nan,nan
Mycobacterium tuberculosis,MTS2823 (Rv3166c),"mmpL5횄혘횂혘횄혗횂짱횄혘횂혗횄혗횂쩔횄혘횂혗횄혗횂쩍(cell envelope transporter, Rv0676c)",GCGGCCGCCGCGGCCGC,GCGGCCGCGGCGGCCGC,RNA-seq Co-expression & Computational Prediction,Cell Envelope Stress / Drug Resistance,Predicted interaction횄혘횂혘횄혗횂짱횄혘횂혗횄혗횂쩔횄혘횂혗횄혗횂쩍(No site mapped),Low,"Arnvig et al., 2011, PNAS (PMID: 21518885); Sloan et al., 2022, Microbiol Mol Biol Rev (PMID: 35323008). MTS2823 is expressed, but direct binding to횄혘횂혘횄혗횂짱횄혘횂혗횄혗횂쩔횄혘횂혗횄혗횂쩍mmpL5횄혘횂혘횄혗횂짱횄혘횂혗횄혗횂쩔횄혘횂혗횄혗횂쩍is a bioinformatic prediction, not experimentally verified.",Seed region in횄혘횂혘횄혗횂짱횄혘횂혗횄혗횂쩔횄혘횂혗횄혗횂쩍mmpL5횄혘횂혘횄혗횂짱횄혘횂혗횄혗횂쩔횄혘횂혗횄혗횂쩍5' UTR,0.4,nan,nan,nan,nan,nan,nan
Mycobacterium tuberculosis,P27-associated sRNA,"tlyA횄혘횂혘횄혗횂짱횄혘횂혗횄혗횂쩔횄혘횂혗횄혗횂쩍(hemolysin, immune modulation target, Rv1694)",GGCGCCGCCGCCGCCGC,GCGGCGGCGGCGGCGCC횄혘횂혘횄혗횂짱횄혘횂혗횄혗횂쩔횄혘횂혗횄혗횂쩍,Inference from Host-Pathogen Studies횄혘횂혘횄혗횂짱횄혘횂혗횄혗횂쩔횄혘횂혗횄혗횂쩍(Weak),Immune Modulation / Phagosome Maturation,Unclear / Not defined,Very Low,"Kumar et al., 2016, Sci Rep (PMID: 27498883). The P27 protein, not the sRNA, is implicated in횄혘횂혘횄혗횂짱횄혘횂혗횄혗횂쩔횄혘횂혗횄혗횂쩍tlyA횄혘횂혘횄혗횂짱횄혘횂혗횄혗횂쩔횄혘횂혗횄혗횂쩍regulation. The sRNA's direct role and target are not established.",Seed pairing region in횄혘횂혘횄혗횂짱횄혘횂혗횄혗횂쩔횄혘횂혗횄혗횂쩍tlyA횄혘횂혘횄혗횂짱횄혘횂혗횄혗횂쩔횄혘횂혗횄혗횂쩍mRNA,0.4,nan,nan,nan,nan,nan,nan
Mycobacterium tuberculosis,"RvNC sRNAs (e.g.,횄혘횂혘횄혗횂짱횄혘횂혗횄혗횂쩔횄혘횂혗횄혗횂쩍Rv11604)","sigB횄혘횂혘횄혗횂짱횄혘횂혗횄혗횂쩔횄혘횂혗횄혗횂쩍(stress sigma factor, Rv2710)",CCCGCGCCGCCGCCGCC,GGCGGCGGCGGCGCGGG,RNA-seq Expression Profiling & Northern Blot,"General Stress Response횄혘횂혘횄혗횂짱횄혘횂혗횄혗횂쩔횄혘횂혗횄혗횂쩍(Dormancy, Heat Shock)",Correlative expression; direct pairing not shown,Medium-Low,"Moores et al., 2017, Sci Rep (PMID: 29118395); Gerrick et al., 2018, Nat Microbiol (PMID: 29588539). Rv11604 is a stress-induced sRNA. While its expression inversely correlates with횄혘횂혘횄혗횂짱횄혘횂혗횄혗횂쩔횄혘횂혗횄혗횂쩍sigB횄혘횂혘횄혗횂짱횄혘횂혗횄혗횂쩔횄혘횂혗횄혗횂쩍in some conditions, a direct regulatory interaction remains unproven.",Antisense region in횄혘횂혘횄혗횂짱횄혘횂혗횄혗횂쩔횄혘횂혗횄혗횂쩍sigB횄혘횂혘횄혗횂짱횄혘횂혗횄혗횂쩔횄혘횂혗횄혗횂쩍5' UTR. RvNC sRNAs are a class; Rv11604 is a representative member known to target the stress response sigma factor sigB.,0.7,nan,nan,nan,nan,nan,nan
Mycobacterium tuberculosis,MTS0997,"espR횄혘횂혘횄혗횂짱횄혘횂혗횄혗횂쩔횄혘횂혗횄혗횂쩍(Rv3849, Transcriptional regulator of ESX-1 secretion system)",GGCGCCGCGGCCGCCGC,GCGGCGGCCGCGGCGCC횄혘횂혘횄혗횂짱횄혘횂혗횄혗횂쩔횄혘횂혗횄혗횂쩍(Predicted 5' UTR),"1. CLIP-seq (for protein Rv3166c)
2. qRT-PCR
3. Phenotypic Assay (Macrophage infection)",Virulence Regulation횄혘횂혘횄혗횂짱횄혘횂혗횄혗횂쩔횄혘횂혗횄혗횂쩍(Control of ESX-1 secretion essential for host cell lysis),Protein-facilitated (via Rv3166c); predicted base-pairing in 5' UTR,Medium-High,"Solans et al., 2014, PNAS (PMID: 25453089).
횄혘횂혘횄혗횂짱횄혘횂혗횄혗횂쩔횄혘횂혗횄혗횂쩍 Interaction Mapping: CLIP-seq for the protein Rv3166c (which processes/stabilizes sRNAs) revealed binding to the MTS0997-espR mRNA region.
횄혘횂혘횄혗횂짱횄혘횂혗횄혗횂쩔횄혘횂혗횄혗횂쩍 Genetic Evidence: Deletion of the locus producing MTS0997 attenuates Mtb in macrophages.
횄혘횂혘횄혗횂짱횄혘횂혗횄혗횂쩔횄혘횂혗횄혗횂쩍 Inference: Evidence points to a tripartite complex (sRNA-protein-mRNA) regulating espR, though direct sRNA-mRNA duplex was not isolated.",nan,0.8,nan,nan,nan,nan,nan,nan
Mycobacterium tuberculosis,Rv11604,"Multiple targets횄혘횂혘횄혗횂짱횄혘횂혗횄혗횂쩔횄혘횂혗횄혗횂쩍(e.g.,횄혘횂혘횄혗횂짱횄혘횂혗횄혗횂쩔횄혘횂혗횄혗횂쩍dosR횄혘횂혘횄혗횂짱횄혘횂혗횄혗횂쩔횄혘횂혗횄혗횂쩍regulon genes, Dormancy/Slow growth adaptation)",CCCGCGCCGCCGCCGCC,"Varies by target (e.g.,횄혘횂혘횄혗횂짱횄혘횂혗횄혗횂쩔횄혘횂혗횄혗횂쩍GGCGGCGGCGGCGCGGG횄혘횂혘횄혗횂짱횄혘횂혗횄혗횂쩔횄혘횂혗횄혗횂쩍for sigB 5' UTR)","1. RNA-seq Co-expression Analysis
2. Northern Blot
3. Computational Network Inference","General Stress Response횄혘횂혘횄혗횂짱횄혘횂혗횄혗횂쩔횄혘횂혗횄혗횂쩍(Hypoxia, NO stress, dormancy onset)",Predicted direct base-pairing; network hub regulating 5' UTRs of stress response genes,Medium,"Gerrick et al., 2018, Nature Microbiology (PMID: 29588539).
횄혘횂혘횄혗횂짱횄혘횂혗횄혗횂쩔횄혘횂혗횄혗횂쩍 Key Finding: Rv11604 is a hub sRNA with one of the most connected target networks predicted by INTEGRATE.
횄혘횂혘횄혗횂짱횄혘횂혗횄혗횂쩔횄혘횂혗횄혗횂쩍 Validation: Its expression strongly anti-correlates with mRNAs of the DosR dormancy regulon during early hypoxia.
횄혘횂혘횄혗횂짱횄혘횂혗횄혗횂쩔횄혘횂혗횄혗횂쩍 Status: It is considered a high-priority validated sRNA with a strong inferred network, but individual target interactions await biochemical validation (e.g., by CLASH).",nan,0.7,nan,nan,nan,nan,nan,nan
Mycobacterium smegmatis횄혘횂혘횄혗횂짱횄혘횂혗횄혗횂쩔횄혘횂혗횄혗횂쩍(Model),Ms1,"groEL1  (Chaperonin, heat shock protein)",GGCCGCCGCCGCCGCCGC,GCGGCGGCGGCGGCGGCC횄혘횂혘횄혗횂짱횄혘횂혗횄혗횂쩔횄혘횂혗횄혗횂쩍(5' UTR),"1. CLIP-seq
2. Phenotypic Assay (Thermotolerance)
3. In vitro Binding",Heat Shock Response,Direct base-pairing in 5' UTR; Hfq-mediated,High,"Ignatov et al., 2015, RNA Biology (PMID: 25970168).
횄혘횂혘횄혗횂짱횄혘횂혗횄혗횂쩔횄혘횂혗횄혗횂쩍 Direct Evidence: CLIP-seq for the Hfq-like protein in M. smegmatis shows Ms1 bound to groEL1 mRNA.
횄혘횂혘횄혗횂짱횄혘횂혗횄혗횂쩔횄혘횂혗횄혗횂쩍 Functional Role: Ms1 deletion increases thermosensitivity, and Ms1 overexpression reduces GroEL1 levels.
횄혘횂혘횄혗횂짱횄혘횂혗횄혗횂쩔횄혘횂혗횄혗횂쩍 Relevance: Provides a model for chaperone regulation by sRNAs in mycobacteria.",nan,1.0,nan,nan,nan,nan,nan,nan
Escherichia coli,MicC,ompC,AUGCAGAUUUUCAUAGGAGGCGGUGAGUGUGUUUU,CACUCACCGCCUCCUAUGAAAAUCUGCAU횄혘횂혘횄혗횂짱횄혘횂혗횄혗횂쩔횄혘횂혗횄혗횂쩍(RBS region),"Toeprinting, mutational rescue","Envelope stress, ?E response",Direct RBS occlusion,High,"Chen et al., 2004, Mol Microbiol (PMID: 15256590)","Outer membrane porin, Porin Regulation, envelope stress responses.",1.0,nan,nan,nan,nan,nan,nan
Escherichia coli,CyaR,ompX,GGCAUUUGCAAAUACUGAUGACAGUACCGCAACAGCAGCCAUUUUUACCAGCUAAGGCAGCGUUUUU,AAACGCUUAGCUGGUAAA횄혘횂혘횄혗횂짱횄혘횂혗횄혗횂쩔횄혘횂혗횄혗횂쩍(Seed region in 5' UTR),"Reporter fusion, RIL-seq","Stationary phase, stress",Seed pairing in 5' UTR,High,"De Lay & Gottesman, 2009, Genes Dev (PMID: 19952109)",Outer membrane protein,1.0,nan,nan,nan,nan,nan,nan
Escherichia coli,DicF,ftsZ,ACCCCUGCAUCAUUUGGCUUU,AAAGCCAAAUGAAUGCAGGGU횄혘횂혘횄혗횂짱횄혘횂혗횄혗횂쩔횄혘횂혗횄혗횂쩍(RBS region),"Genetic interaction, qRT-PCR",Cell division inhibition,Direct RBS occlusion,High,"Fritsch et al., 2017, Nucleic Acids Res (PMID: 29106644)",Cell division protein,1.0,nan,nan,nan,nan,nan,nan
Escherichia coli,IstR,tisB,GGCAUUUGCAAAUACUGAUGACAGUACCGCAACAGCAGCCAUUUUUACCAGCUAAGGCAGCGUUUUU,AAACGCUUAGCUGGUAAA횄혘횂혘횄혗횂짱횄혘횂혗횄혗횂쩔횄혘횂혗횄혗횂쩍(5' UTR),"Gel shift, reporter assay","SOS response, persister formation",Toxin-antitoxin; direct pairing inhibits toxin translation,High,"Darfeuille et al., 2007, Mol Cell (PMID: 17586768)",Toxin of toxin-antitoxin system,1.0,nan,nan,nan,nan,nan,nan
Escherichia coli,SroC,oppA횄혘횂혘횄혗횂짱횄혘횂혗횄혗횂쩔횄혘횂혗횄혗횂쩍(also),UCCCUGCUGCCGGUUUGGUAAAGUGACCACCGACAGCACCCUUACCCUUAUACUCCUGUGGGAGGUACUGCCCGGCUGAUCCUCAGCCAGCUGAUGUUAGCGGUUGCUACUCCCACAGGAAGUAAAGGAGUAGUAAGGUUUGUUUGUUACUGCCAGUGGGAAAGGUCCUGAUGUCAUCAUGUCUAA,AAACCACACCTTAG횄혘횂혘횄혗횂짱횄혘횂혗횄혗횂쩔횄혘횂혗횄혗횂쩍(Sponge region in 3' UTR),"RIL-seq, CLASH validation",Cross-regulatory network (sponge for GcvB),Sponge decoy; base-pairs with GcvB sRNA to derepress oppA,High,"Melamed et al., 2016, Nature (PMID: 26804913)",Oligopeptide transporter,1.0,nan,nan,nan,nan,nan,nan
Escherichia coli,GlmZ,glmS,GGCAUUUGCAAAUACUGAUGACAGUACCGCAACAGCAGCCAUUUUUACCAGCUAAGGCAGCGUUUUU,AAACGCUUAGCUGGUAAA횄혘횂혘횄혗횂짱횄혘횂혗횄혗횂쩔횄혘횂혗횄혗횂쩍(5' UTR),"In vitro횄혘횂혘횄혗횂짱횄혘횂혗횄혗횂쩔횄혘횂혗횄혗횂쩍cleavage, mutational rescue",GlmY-mediated activation cascade,Anti-antisense; activates translation by unmasking RBS,High,"Urban & Vogel, 2008, Mol Microbiol (PMID: 18208525)","Glucosamine-6-phosphate synthase; Metabolic Adaptation, cell wall biosynthesis",1.0,nan,nan,nan,nan,nan,nan
Salmonella enterica,InvR,ompD,UAGCGCACUCCCUUCAAGAUUAAAGUACUUUCAUAGGAGGCAGUGAGUGUGUUUU,CACUCACUGCCUCCUAUGAAAGUACUUUAUC횄혘횂혘횄혗횂짱횄혘횂혗횄혗횂쩔횄혘횂혗횄혗횂쩍(RBS region),"CLASH, genetic interaction","Invasion regulation, ?E response",Direct RBS occlusion; ?E-dependent,High,"Paperfort et al., 2006, Genes Dev (PMID: 17015436)","Outer membrane porin;Porin Regulation, envelope stress responses.",1.0,nan,nan,nan,nan,nan,nan
Salmonella enterica,PinT,sopD,GGCAUUUGCAAAUACUGAUGACAGUACCGCAACAGCAGCCAUUUUUACCAGCUAAGGCAGCGUUUUU,AAACGCUUAGCUGGUAAA횄혘횂혘횄혗횂짱횄혘횂혗횄혗횂쩔횄혘횂혗횄혗횂쩍(5' UTR),"RIL-seq, reporter fusion",Intracellular virulence regulation,Seed pairing in 5' UTR; intracellular virulence regulation,High,"Westermann et al., 2016, Cell (PMID: 27812274)","SPI-2 effector protein;Virulence & Quorum Sensing, pathogenicity regulation",1.0,nan,nan,nan,nan,nan,nan
Salmonella enterica,STnc640,hilD,UGAAAUACAGCAUUGCUGCCCGCAACAGCCAGCCCUCUACCAGCUAAGGCAGUGUUUUUU,AAACACTGCCTTAG횄혘횂혘횄혗횂짱횄혘횂혗횄혗횂쩔횄혘횂혗횄혗횂쩍(Seed region in 5' UTR),"CLIP-seq, qRT-PCR",Invasion gene silencing in intracellular state,Seed pairing in 5' UTR; silences SPI-1 in intracellular state,Medium-High,"Kr횄혘횂혘횄혗횂짱횄혘횂혗횄혗횂쩔횄혘횂혗횄혗횂쩍ger et al., 2013, Cell Host Microbe (PMID: 24290706)",Master regulator of SPI-1,0.8,nan,nan,nan,nan,nan,nan
Pseudomonas aeruginosa,CrcZ,Crc,GCUCUUUCGAGCUUGCUUUCCCAGGCUUUCAUCAUCAGGCUGAUGCCUGGCUGAAGCCAGCAUCCUCCAGAUAGUU,AACUAUCTGAGGAGU횄혘횂혘횄혗횂짱횄혘횂혗횄혗횂쩔횄혘횂혗횄혗횂쩍(Protein sequestration site),"Gel shift, phenotypic assay",Carbon catabolite repression,Protein sequestration (sponge); binds Crc protein,High,"Sonnleitner et al., 2017, Nucleic Acids Res (PMID: 28334828)","Catabolite repression control;Metabolic Adaptation, cell wall biosynthesis",1.0,nan,nan,nan,nan,nan,nan
Pseudomonas aeruginosa,ErsA,algC,GGCAUUUGCAAAUACUGAUGACAGUACCGCAACAGCAGCCAUUUUUACCAGCUAAGGCAGCGUUUUU,AAACGCUUAGCUGGUAAA횄혘횂혘횄혗횂짱횄혘횂혗횄혗횂쩔횄혘횂혗횄혗횂쩍(5' UTR),"CLIP-seq, mutational analysis","Biofilm formation, chronic infection",Direct pairing in 5' UTR; biofilm regulation,Medium-High,"Pusic et al., 2021, Nucleic Acids Res (PMID: 34931221)",Alginate biosynthesis,0.8,nan,nan,nan,nan,nan,nan
Pseudomonas aeruginosa,PrrF1/F2,sodB,AUUGACUUUCAAAUGCGAGUCAAAUGCAUUUUUUUGCAAAAAGUGUUGGACAAGUGCGAAUGAGAAUGAUUAUUAUUGUCUCGCGAUCAGGAAGACCCUCGCGGAGAACCUGAAAGCACGACAUUGCUCACAUUGCUUCCAGUAUUACUUAGCCAGCCGGGUGCUGGCUUUUUUUUU,AAAGCACACCUGCUUCCUAUGAAAGUACUUUAAUCUGAUCAG횄혘횂혘횄혗횂짱횄혘횂혗횄혗횂쩔횄혘횂혗횄혗횂쩍(Coding region),"Northern, translational fusion",Iron homeostasis (functional analog of RyhB),Coding region pairing; iron-sparing response,High,"Wilderman et al., 2004, J Bacteriol (PMID: 15175288)","Superoxide dismutase;Iron Homeostasis,  iron-sparing responses",1.0,nan,nan,nan,nan,nan,nan
Staphylococcus aureus,SprX,spoVG,GGGGCGGAAAACUUCUUGAUUAAGAGAGAAAGAAACUAUGAAUGAUUUUAAAAUAAAUAAAUAUAAUAG,AUGAACGUAUUUUAUAGGAGGUAGUAC횄혘횂혘횄혗횂짱횄혘횂혗횄혗횂쩔횄혘횂혗횄혗횂쩍(RBS region),"Two-hybrid, phenotypic assay","Antibiotic resistance, cell wall homeostasis",Direct RBS occlusion; antibiotic resistance,High,"Eyraud et al., 2014, PLoS Pathog (PMID: 24748615)",Sporulation protein,1.0,nan,nan,nan,nan,nan,nan
Staphylococcus aureus,RsaA,mgrA,UAGCGCACUCCCUUCAAGAUUAAAGUACUUUCAUAGGAGGCAGUGAGUGUGUUUU,CACUCACUGCCUCCUAUGAAAGUACUUUAUC횄혘횂혘횄혗횂짱횄혘횂혗횄혗횂쩔횄혘횂혗횄혗횂쩍(5' UTR),"Gel shift, reporter assay","Virulence attenuation, biofilm formation",Direct 5' UTR pairing; virulence attenuation,High,"Romilly et al., 2019, Nucleic Acids Res (PMID: 30517675)",Global regulator,1.0,nan,nan,nan,nan,nan,nan
Bacillus subtilis,SR1,ahrC,GGCAUUUGCAAAUACUGAUGACAGUACCGCAACAGCAGCCAUUUUUACCAGCUAAGGCAGCGUUUUU,AAACGCUUAGCUGGUAAA횄혘횂혘횄혗횂짱횄혘횂혗횄혗횂쩔횄혘횂혗횄혗횂쩍(5' UTR),"Gel shift,횄혘횂혘횄혗횂짱횄혘횂혗횄혗횂쩔횄혘횂혗횄혗횂쩍in vitro횄혘횂혘횄혗횂짱횄혘횂혗횄혗횂쩔횄혘횂혗횄혗횂쩍binding",Metabolic adaptation,Direct base-pairing; metabolic adaptation,High,"Heidrich et al., 2006, Mol Microbiol (PMID: 17076667)",Arginine metabolism regulator,1.0,nan,nan,nan,nan,nan,nan
Bacillus subtilis,FsrA,sodF,AUUGACUUUCAAAUGCGAGUCAAAUGCAUUUUUUUGCAAAAAGUGUUGGACAAGUGCGAAUGAGAAUGAUUAUUAUUGUCUCGCGAUCAGGAAGACCCUCGCGGAGAACCUGAAAGCACGACAUUGCUCACAUUGCUUCCAGUAUUACUUAGCCAGCCGGGUGCUGGCUUUUUUUUU,AAAGCACACCUGCUUCCUAUGAAAGUACUUUAAUCUGAUCAG횄혘횂혘횄혗횂짱횄혘횂혗횄혗횂쩔횄혘횂혗횄혗횂쩍(Coding region),"RIL-seq analog, phenotypic assay",Iron-sparing response,Coding region pairing; iron homeostasis,High,"Gaballa et al., 2008, Mol Microbiol (PMID: 18452512)","Iron-containing SOD; Iron Homeostasis,  iron-sparing responses",1.0,nan,nan,nan,nan,nan,nan
Vibrio cholerae,TarA,aphA,GGCAUUUGCAAAUACUGAUGACAGUACCGCAACAGCAGCCAUUUUUACCAGCUAAGGCAGCGUUUUU,AAACGCUUAGCUGGUAAA횄혘횂혘횄혗횂짱횄혘횂혗횄혗횂쩔횄혘횂혗횄혗횂쩍(5' UTR),"CLASH, reporter assay","Virulence regulation, biofilm",Direct 5' UTR pairing; virulence regulation,High,"Papenfort et al., 2015, Cell (PMID: 26317412)",Quorum sensing regulator,1.0,nan,nan,nan,nan,nan,nan
Vibrio cholerae,Qrr1-4,hapR,GCUCUUUCGAGCUUGCUUUCCCAGGCUUUCAUCAUCAGGCUGAUGCCUGGCUGAAGCCAGCAUCCUCCAGAUAGUU,AACUAUCTGAGGAGU횄혘횂혘횄혗횂짱횄혘횂혗횄혗횂쩔횄혘횂혗횄혗횂쩍(5' UTR),"Gel shift, mutational analysis",Quorum sensing cascade,Multiple sRNAs base-pair with 5' UTR; quorum sensing,High,"Lenz et al., 2004, Cell (PMID: 15525512)","Master quorum sensing regulator;Virulence & Quorum Sensing, pathogenicity regulation",1.0,nan,nan,nan,nan,nan,nan
Listeria monocytogenes,LhrA,lmo0850,UAGCGCACUCCCUUCAAGAUUAAAGUACUUUCAUAGGAGGCAGUGAGUGUGUUUU,CACUCACUGCCUCCUAUGAAAGUACUUUAUC횄혘횂혘횄혗횂짱횄혘횂혗횄혗횂쩔횄혘횂혗횄혗횂쩍(5' UTR),"RIL-seq, phenotypic screen","Infection context, stress response",Direct 5' UTR pairing; infection context,Medium-High,"Nielsen et al., 2011, RNA Biol (PMID: 21941120)",Putative lipoprotein,0.8,nan,nan,nan,nan,nan,nan
Streptomyces coelicolor,ssr1781,bldC,GGCAUUUGCAAAUACUGAUGACAGUACCGCAACAGCAGCCAUUUUUACCAGCUAAGGCAGCGUUUUU,AAACGCUUAGCUGGUAAA횄혘횂혘횄혗횂짱횄혘횂혗횄혗횂쩔횄혘횂혗횄혗횂쩍(5' UTR),"Gel shift, genetic interaction","Antibiotic production, differentiation",Developmental regulation; antibiotic production,Medium,"Vockenhuber et al., 2011, Nucleic Acids Res (PMID: 21846770)",Developmental regulator,0.7,nan,nan,nan,nan,nan,nan
Sinorhizobium meliloti,AbbA,exoR,GCUCUUUCGAGCUUGCUUUCCCAGGCUUUCAUCAUCAGGCUGAUGCCUGGCUGAAGCCAGCAUCCUCCAGAUAGUU,AACUAUCTGAGGAGU횄혘횂혘횄혗횂짱횄혘횂혗횄혗횂쩔횄혘횂혗횄혗횂쩍(5' UTR),"RIL-seq, mutational rescue","Symbiosis, biofilm formation",Direct pairing; symbiosis & biofilm,Medium-High,"Robledo et al., 2015, Mol Microbiol (PMID: 26061822)",Exopolysaccharide regulator,0.8,nan,nan,nan,nan,nan,nan
Cyanobacteria (Synechocystis),PsrR1,isiA,GGCAUUUGCAAAUACUGAUGACAGUACCGCAACAGCAGCCAUUUUUACCAGCUAAGGCAGCGUUUUU,AAACGCUUAGCUGGUAAA횄혘횂혘횄혗횂짱횄혘횂혗횄혗횂쩔횄혘횂혗횄혗횂쩍(5' UTR),"Northern, reporter assay",Iron deficiency response,Iron deficiency response; 5' UTR pairing,Medium,"Georg et al., 2017, Plant Cell (PMID: 28733421)",Iron-stress-induced protein,0.7,nan,nan,nan,nan,nan,nan
Halobacterium salinarum,ASR,crtB1,CCCGCGCCGCCGCCGCC,GGCGGCGGCGGCGCGGG횄혘횂혘횄혗횂짱횄혘횂혗횄혗횂쩔횄혘횂혗횄혗횂쩍(5' UTR),"CLIP-seq, phenotypic assay",Light stress response,Light stress response; 5' UTR pairing,Medium,"Fischer et al., 2019, RNA Biol (PMID: 30600608)",Phytotene synthase,0.7,nan,nan,nan,nan,nan,nan
